Index,G(i)
1,0
2,0
3,0
4,0
5,0
6,0
7,0
8,97.61
9,302.89
10,302.38
11,0
12,915.25
13,1037.72
14,1098.93
15,1094.19
16,1023.82
17,892.08
18,706.93
19,487.59
20,257.65
21,61.75
22,0
23,0
24,0
25,0
26,0
27,0
28,0
29,0
30,0
31,0
32,95.87
33,302.35
34,528.85
35,738.84
36,911.55
37,1032.92
38,1092.97
39,1086.69
40,1014.36
41,882.12
42,707.22
43,490.38
44,260.15
45,62.41
46,0
47,0
48,0
49,0
50,0
51,0
52,0
53,0
54,0
55,0
56,95.78
57,303.45
58,532.74
59,742.98
60,922.24
61,1042.71
62,1097.96
63,1086.58
64,1005.91
65,862.82
66,685.76
67,466.89
68,242.72
69,57.12
70,0
71,0
72,0
73,0
74,0
75,0
76,0
77,0
78,0
79,0
80,51.78
81,80.48
82,129.85
83,328.75
84,389.77
85,419.25
86,514.14
87,590.29
88,655.8
89,534.05
90,559.52
91,287.7
92,148.1
93,41.9
94,0
95,0
96,0
97,0
98,0
99,0
100,0
101,0
102,0
103,0
104,8
105,21.5
106,42.95
107,117.45
108,129.05
109,212.15
110,180.54
111,111.85
112,95.35
113,85.65
114,68.3
115,50.15
116,25.5
117,7.85
118,0
119,0
120,0
121,0
122,0
123,0
124,0
125,0
126,0
127,0
128,68.11
129,273.36
130,484.44
131,644.92
132,870.7
133,999.91
134,1066.41
135,1038.36
136,956.58
137,833.21
138,676.93
139,472.93
140,248.47
141,59.78
142,0
143,0
144,0
145,0
146,0
147,0
148,0
149,0
150,0
151,0
152,81.49
153,278.85
154,500.96
155,709.37
156,882.09
157,1004.05
158,1063.66
159,1060.27
160,994.63
161,864.63
162,686.62
163,472.32
164,249.42
165,60.49
166,0
167,0
168,0
169,0
170,0
171,0
172,0
173,0
174,0
175,0
176,79.14
177,274.59
178,495.06
179,701.71
180,872.88
181,993.65
182,1054.01
183,1049.12
184,980.13
185,853.22
186,681.61
187,470.8
188,249.06
189,60.49
190,0
191,0
192,0
193,0
194,0
195,0
196,0
197,0
198,0
199,0
200,77.69
201,273.99
202,495.91
203,704.71
204,878.02
205,998.49
206,1057.2
207,1041.79
208,966.1
209,797.29
210,512.17
211,339.9
212,154.83
213,28.15
214,0
215,0
216,0
217,0
218,0
219,0
220,0
221,0
222,0
223,0
224,46.21
225,102.52
226,195.78
227,326.4
228,322.07
229,455.65
230,215.89
231,143.8
232,141.75
233,189.1
234,104.95
235,107.41
236,95.92
237,28.51
238,0
239,0
240,0
241,0
242,0
243,0
244,0
245,0
246,0
247,0
248,44.06
249,132.64
250,280.03
251,455.95
252,713.66
253,881.82
254,1051.28
255,1072.07
256,1002.48
257,872.53
258,692.77
259,480.08
260,255.15
261,62.04
262,0
263,0
264,0
265,0
266,0
267,0
268,0
269,0
270,0
271,0
272,72.17
273,269.18
274,494.14
275,706.39
276,883.54
277,1009.7
278,1074.29
279,1071.9
280,1002.67
281,872.97
282,695.81
283,481.47
284,255.4
285,62.04
286,0
287,0
288,0
289,0
290,0
291,0
292,0
293,0
294,0
295,0
296,71.08
297,268.23
298,492.74
299,703.88
300,880.23
301,1006.19
302,1070.88
303,1069.49
304,1001.95
305,873.5
306,696.7
307,481.51
308,254.69
309,61.33
310,0
311,0
312,0
313,0
314,0
315,0
316,0
317,0
318,0
319,0
320,65.89
321,255.84
322,473.92
323,683.98
324,857.54
325,983.4
326,1048.39
327,1047.59
328,981.15
329,853.5
330,672.59
331,458.87
332,247.46
333,59.25
334,0
335,0
336,0
337,0
338,0
339,0
340,0
341,0
342,0
343,0
344,54.98
345,221.89
346,433.85
347,641.87
348,841.1
349,986.19
350,1057.52
351,1059.62
352,993.23
353,866.28
354,691.37
355,474.73
356,248.05
357,58.33
358,0
359,0
360,0
361,0
362,0
363,0
364,0
365,0
366,0
367,0
368,30.57
369,122.73
370,268.67
371,540.83
372,668.08
373,820.65
374,1031.89
375,1059.07
376,988.79
377,868.57
378,691.46
379,479.42
380,253.71
381,60.56
382,0
383,0
384,0
385,0
386,0
387,0
388,0
389,0
390,0
391,0
392,59.45
393,251.13
394,451.32
395,659.75
396,830.84
397,961.36
398,1017.58
399,1029.62
400,973.05
401,864.41
402,693.59
403,480.21
404,254.55
405,60.66
406,0
407,0
408,0
409,0
410,0
411,0
412,0
413,0
414,0
415,0
416,44.52
417,164.58
418,278.25
419,433.54
420,456.19
421,424.88
422,514.36
423,811.03
424,803.13
425,537.19
426,667.78
427,462.12
428,247.37
429,57.93
430,0
431,0
432,0
433,0
434,0
435,0
436,0
437,0
438,0
439,0
440,40.6
441,181.94
442,354.12
443,552.65
444,735.89
445,720.36
446,819.88
447,842.21
448,758.94
449,782.48
450,557.19
451,434.63
452,199.67
453,52.99
454,0
455,0
456,0
457,0
458,0
459,0
460,0
461,0
462,0
463,0
464,37.42
465,156.55
466,369.98
467,458.56
468,680.81
469,724.72
470,850.03
471,904.72
472,830.45
473,716.84
474,573.79
475,452.53
476,238.61
477,55.8
478,0
479,0
480,0
481,0
482,0
483,0
484,0
485,0
486,0
487,0
488,49.27
489,227.64
490,448.7
491,683.36
492,862.6
493,992.24
494,1059.57
495,1057.67
496,989.99
497,861.49
498,676.29
499,468.1
500,247.1
501,56.73
502,0
503,0
504,0
505,0
506,0
507,0
508,0
509,0
510,0
511,0
512,35.3
513,178.61
514,415.85
515,640.01
516,828.17
517,942.75
518,975.18
519,900.31
520,863.46
521,677.18
522,366.18
523,236.63
524,108.72
525,35.89
526,0
527,0
528,0
529,0
530,0
531,0
532,0
533,0
534,0
535,0
536,48.32
537,234.22
538,447.89
539,658.44
540,797.6
541,776.28
542,461.2
543,481.34
544,467.16
545,488.2
546,632.57
547,433.48
548,209.95
549,54.9
550,0
551,0
552,0
553,0
554,0
555,0
556,0
557,0
558,0
559,0
560,42.33
561,191.37
562,391.8
563,673.22
564,840.52
565,987.59
566,1056.47
567,1059.76
568,980.29
569,861.03
570,681.69
571,469.61
572,244.51
573,54.36
574,0
575,0
576,0
577,0
578,0
579,0
580,0
581,0
582,0
583,0
584,44.83
585,227.11
586,452.73
587,665.81
588,844.89
589,973.39
590,1037.58
591,1040.97
592,970.43
593,849.37
594,672.77
595,461.19
596,239.14
597,52.44
598,0
599,0
600,0
601,0
602,0
603,0
604,0
605,0
606,0
607,0
608,41.44
609,203.84
610,383.23
611,638.66
612,838.13
613,966.57
614,1034.86
615,1038.4
616,975.16
617,850.05
618,673.8
619,463.13
620,240.39
621,52.1
622,0
623,0
624,0
625,0
626,0
627,0
628,0
629,0
630,0
631,0
632,40.81
633,218.43
634,440.65
635,653.49
636,837.12
637,966.3
638,1032.74
639,1038.28
640,976.73
641,852.98
642,675.59
643,464.16
644,240.43
645,51.55
646,0
647,0
648,0
649,0
650,0
651,0
652,0
653,0
654,0
655,0
656,40.74
657,224.14
658,451.9
659,667.87
660,849.54
661,981.07
662,1051.65
663,1055.24
664,991.2
665,864.25
666,689.21
667,473.55
668,245.34
669,52.07
670,0
671,0
672,0
673,0
674,0
675,0
676,0
677,0
678,0
679,0
680,39.66
681,224.4
682,453.14
683,671.55
684,855.31
685,988.24
686,1060.06
687,1065.25
688,1003.11
689,878.52
690,704.74
691,487.15
692,253.3
693,52.99
694,0
695,0
696,0
697,0
698,0
699,0
700,0
701,0
702,0
703,0
704,38.42
705,221.84
706,441.32
707,651.39
708,817.9
709,961.95
710,1029.38
711,1029.77
712,951.35
713,820.85
714,581.13
715,309.78
716,139.24
717,34.45
718,0
719,0
720,0
721,0
722,0
723,0
724,0
725,0
726,0
727,0
728,9.62
729,84.9
730,178.87
731,306.14
732,517.69
733,481.93
734,738.34
735,518.14
736,486.48
737,573.18
738,299.51
739,214.52
740,81.11
741,10.82
742,0
743,0
744,0
745,0
746,0
747,0
748,0
749,0
750,0
751,0
752,4.1
753,23.4
754,60.9
755,139.8
756,105.5
757,112
758,182.25
759,247.84
760,273.69
761,287.87
762,184.54
763,182.01
764,91.56
765,24.27
766,0
767,0
768,0
769,0
770,0
771,0
772,0
773,0
774,0
775,0
776,21.44
777,122.75
778,246.29
779,345.11
780,429.53
781,717.67
782,782.69
783,837.84
784,923.34
785,781.5
786,606.65
787,393.09
788,180.87
789,34.02
790,0
791,0
792,0
793,0
794,0
795,0
796,0
797,0
798,0
799,0
800,15.63
801,99.37
802,279.44
803,385.64
804,466.29
805,574.5
806,678.92
807,626.24
808,574.55
809,482.5
810,419.58
811,262.48
812,134.32
813,24.19
814,0
815,0
816,0
817,0
818,0
819,0
820,0
821,0
822,0
823,0
824,14
825,203.52
826,433.76
827,655.75
828,839.45
829,974.72
830,1047.29
831,1050.43
832,986.29
833,857.21
834,676.43
835,459.34
836,230.64
837,42.72
838,0
839,0
840,0
841,0
842,0
843,0
844,0
845,0
846,0
847,0
848,13.35
849,202.36
850,430.34
851,649.89
852,835.09
853,969.21
854,1040.97
855,1044.31
856,979.38
857,852.44
858,676.46
859,460.12
860,230.58
861,41.77
862,0
863,0
864,0
865,0
866,0
867,0
868,0
869,0
870,0
871,0
872,12.8
873,200.36
874,429.33
875,649.82
876,835.91
877,970.93
878,1043.14
879,1047.23
880,982.95
881,854.86
882,671.74
883,454.55
884,226.26
885,39.76
886,0
887,0
888,0
889,0
890,0
891,0
892,0
893,0
894,0
895,0
896,11.9
897,183.24
898,405.31
899,612.28
900,759.49
901,931.26
902,991.25
903,974.56
904,889.8
905,814.98
906,612.79
907,408.93
908,213.57
909,37.13
910,0
911,0
912,0
913,0
914,0
915,0
916,0
917,0
918,0
919,0
920,11.3
921,185.1
922,404.74
923,619.5
924,800.45
925,927.34
926,947.66
927,942.94
928,733.38
929,736.19
930,592.02
931,366.72
932,140.2
933,28.94
934,0
935,0
936,0
937,0
938,0
939,0
940,0
941,0
942,0
943,0
944,10.9
945,181.84
946,401.73
947,616.18
948,798.63
949,931.35
950,1005.67
951,1004.52
952,922.11
953,801.31
954,515.42
955,384.55
956,179.49
957,31.08
958,0
959,0
960,0
961,0
962,0
963,0
964,0
965,0
966,0
967,0
968,10.25
969,178.93
970,399.21
971,613.56
972,795.76
973,928.43
974,1000.7
975,984.79
976,896.68
977,789.36
978,647.97
979,439.78
980,213.85
981,33.8
982,0
983,0
984,0
985,0
986,0
987,0
988,0
989,0
990,0
991,0
992,9.8
993,177.37
994,397.25
995,611.1
996,792.89
997,924.96
998,996.58
999,994.05
1000,927.36
1001,796.03
1002,641.76
1003,428.92
1004,205.93
1005,31.52
1006,0
1007,0
1008,0
1009,0
1010,0
1011,0
1012,0
1013,0
1014,0
1015,0
1016,9.1
1017,148.94
1018,341.92
1019,501.75
1020,727.48
1021,927.05
1022,1022.62
1023,967.26
1024,849.87
1025,802.45
1026,643.1
1027,428.65
1028,201.09
1029,13.65
1030,0
1031,0
1032,0
1033,0
1034,0
1035,0
1036,0
1037,0
1038,0
1039,0
1040,8.9
1041,128.81
1042,330.96
1043,515.03
1044,705.81
1045,911.37
1046,992.79
1047,1001.17
1048,938.82
1049,816.88
1050,632.07
1051,418.88
1052,197.64
1053,12.85
1054,0
1055,0
1056,0
1057,0
1058,0
1059,0
1060,0
1061,0
1062,0
1063,0
1064,7.4
1065,105.12
1066,243.3
1067,466.61
1068,649.4
1069,760.25
1070,857.34
1071,914.73
1072,839.28
1073,736.46
1074,470.06
1075,375.58
1076,158.72
1077,12.9
1078,0
1079,0
1080,0
1081,0
1082,0
1083,0
1084,0
1085,0
1086,0
1087,0
1088,6.85
1089,96.42
1090,226.49
1091,413.99
1092,536.66
1093,679.85
1094,686.73
1095,895.04
1096,852.7
1097,738.16
1098,606.64
1099,413.9
1100,195.52
1101,12
1102,0
1103,0
1104,0
1105,0
1106,0
1107,0
1108,0
1109,0
1110,0
1111,0
1112,0
1113,125.33
1114,323.78
1115,555.08
1116,779.12
1117,931.29
1118,1007.48
1119,1013.11
1120,951.22
1121,825.74
1122,644.64
1123,427.33
1124,198.02
1125,11.45
1126,0
1127,0
1128,0
1129,0
1130,0
1131,0
1132,0
1133,0
1134,0
1135,0
1136,0
1137,162.34
1138,383.35
1139,598.57
1140,780.76
1141,913.32
1142,985.83
1143,990.17
1144,928.78
1145,799.71
1146,627.63
1147,410.76
1148,186.68
1149,12.55
1150,0
1151,0
1152,0
1153,0
1154,0
1155,0
1156,0
1157,0
1158,0
1159,0
1160,0
1161,139.88
1162,365.19
1163,451.92
1164,582.85
1165,739.81
1166,647.14
1167,842.53
1168,840.4
1169,768.21
1170,578.51
1171,326.01
1172,176.39
1173,11.35
1174,0
1175,0
1176,0
1177,0
1178,0
1179,0
1180,0
1181,0
1182,0
1183,0
1184,0
1185,90.04
1186,210.58
1187,408.46
1188,551.01
1189,627.6
1190,724.34
1191,832.11
1192,933.68
1193,813.89
1194,630.89
1195,413.68
1196,187.82
1197,10.15
1198,0
1199,0
1200,0
1201,0
1202,0
1203,0
1204,0
1205,0
1206,0
1207,0
1208,0
1209,116.18
1210,256.42
1211,460.76
1212,702.2
1213,806.97
1214,785.83
1215,811.93
1216,746.51
1217,776.51
1218,615.69
1219,407.71
1220,181.5
1221,9.65
1222,0
1223,0
1224,0
1225,0
1226,0
1227,0
1228,0
1229,0
1230,0
1231,0
1232,0
1233,148.72
1234,358.23
1235,557.64
1236,744.16
1237,879.14
1238,968.09
1239,991.72
1240,928.67
1241,801.15
1242,618.81
1243,404.84
1244,178.74
1245,8.95
1246,0
1247,0
1248,0
1249,0
1250,0
1251,0
1252,0
1253,0
1254,0
1255,0
1256,0
1257,150.72
1258,374.85
1259,595.21
1260,781.92
1261,917.72
1262,991.18
1263,996.26
1264,932.58
1265,805.06
1266,625.76
1267,406.77
1268,178.03
1269,8.4
1270,0
1271,0
1272,0
1273,0
1274,0
1275,0
1276,0
1277,0
1278,0
1279,0
1280,0
1281,150.62
1282,376.58
1283,597.53
1284,784.39
1285,920.53
1286,994.04
1287,998.03
1288,932.4
1289,803.09
1290,621.64
1291,402.05
1292,173.82
1293,0
1294,0
1295,0
1296,0
1297,0
1298,0
1299,0
1300,0
1301,0
1302,0
1303,0
1304,0
1305,142.34
1306,363.32
1307,574.29
1308,761.89
1309,894.85
1310,967.4
1311,970.4
1312,901.38
1313,776.95
1314,600.4
1315,386.09
1316,164.09
1317,0
1318,0
1319,0
1320,0
1321,0
1322,0
1323,0
1324,0
1325,0
1326,0
1327,0
1328,0
1329,129.8
1330,348.46
1331,552.16
1332,734.18
1333,862.16
1334,935.7
1335,945.32
1336,883.24
1337,760.5
1338,590.99
1339,378.73
1340,158.88
1341,0
1342,0
1343,0
1344,0
1345,0
1346,0
1347,0
1348,0
1349,0
1350,0
1351,0
1352,0
1353,69.28
1354,166.06
1355,361.32
1356,604.51
1357,759.51
1358,704.47
1359,693.51
1360,815.28
1361,635.82
1362,547.42
1363,367.07
1364,146.2
1365,0
1366,0
1367,0
1368,0
1369,0
1370,0
1371,0
1372,0
1373,0
1374,0
1375,0
1376,0
1377,72.53
1378,202.8
1379,303.14
1380,332.93
1381,529.67
1382,696.4
1383,805.92
1384,914.11
1385,775.74
1386,598.13
1387,381.19
1388,143.69
1389,0
1390,0
1391,0
1392,0
1393,0
1394,0
1395,0
1396,0
1397,0
1398,0
1399,0
1400,0
1401,110.43
1402,299.5
1403,474.83
1404,608.52
1405,746.98
1406,849.72
1407,900.54
1408,866.47
1409,757.63
1410,589.21
1411,371.97
1412,149.74
1413,0
1414,0
1415,0
1416,0
1417,0
1418,0
1419,0
1420,0
1421,0
1422,0
1423,0
1424,0
1425,128.82
1426,343.08
1427,563.72
1428,747.91
1429,878.33
1430,944.33
1431,915.13
1432,887.89
1433,758.62
1434,579.43
1435,364.33
1436,144.34
1437,0
1438,0
1439,0
1440,0
1441,0
1442,0
1443,0
1444,0
1445,0
1446,0
1447,0
1448,0
1449,126.06
1450,345.43
1451,561.57
1452,718.05
1453,776.06
1454,813.43
1455,714.44
1456,671.42
1457,501.98
1458,369.01
1459,116.39
1460,29.9
1461,0
1462,0
1463,0
1464,0
1465,0
1466,0
1467,0
1468,0
1469,0
1470,0
1471,0
1472,0
1473,83.26
1474,229.15
1475,352.05
1476,512.88
1477,658.92
1478,583.59
1479,658.89
1480,757.98
1481,649.15
1482,514.34
1483,300.22
1484,114.99
1485,0
1486,0
1487,0
1488,0
1489,0
1490,0
1491,0
1492,0
1493,0
1494,0
1495,0
1496,0
1497,83.53
1498,282.68
1499,298.17
1500,347.92
1501,430.08
1502,704.56
1503,653.4
1504,570.4
1505,588.64
1506,162.73
1507,101.42
1508,57.12
1509,0
1510,0
1511,0
1512,0
1513,0
1514,0
1515,0
1516,0
1517,0
1518,0
1519,0
1520,0
1521,65.27
1522,243.26
1523,469.87
1524,628.07
1525,742.87
1526,796.2
1527,747.22
1528,776.04
1529,653.72
1530,488.17
1531,301.04
1532,119.73
1533,0
1534,0
1535,0
1536,0
1537,0
1538,0
1539,0
1540,0
1541,0
1542,0
1543,0
1544,0
1545,83.77
1546,276.85
1547,467.03
1548,641.42
1549,750.24
1550,739
1551,813.11
1552,749.46
1553,508.49
1554,355.92
1555,169.71
1556,62.95
1557,0
1558,0
1559,0
1560,0
1561,0
1562,0
1563,0
1564,0
1565,0
1566,0
1567,0
1568,0
1569,66.41
1570,165.68
1571,295.62
1572,388.07
1573,725.58
1574,778.59
1575,917.52
1576,832.06
1577,726.84
1578,565.58
1579,343.43
1580,122.77
1581,0
1582,0
1583,0
1584,0
1585,0
1586,0
1587,0
1588,0
1589,0
1590,0
1591,0
1592,0
1593,110.33
1594,325.32
1595,536.14
1596,723.22
1597,852.7
1598,917.21
1599,904.06
1600,832.51
1601,700.05
1602,542.34
1603,327.7
1604,113.8
1605,0
1606,0
1607,0
1608,0
1609,0
1610,0
1611,0
1612,0
1613,0
1614,0
1615,0
1616,0
1617,86.36
1618,201.42
1619,285.91
1620,641.62
1621,768.07
1622,851.32
1623,922.2
1624,861.61
1625,734.24
1626,548.32
1627,331.1
1628,113.99
1629,0
1630,0
1631,0
1632,0
1633,0
1634,0
1635,0
1636,0
1637,0
1638,0
1639,0
1640,0
1641,107.81
1642,322.98
1643,533.24
1644,672.94
1645,749.24
1646,770.08
1647,752.77
1648,795.31
1649,687.76
1650,446.31
1651,224.19
1652,66.35
1653,0
1654,0
1655,0
1656,0
1657,0
1658,0
1659,0
1660,0
1661,0
1662,0
1663,0
1664,0
1665,106.64
1666,322.5
1667,538.71
1668,721.4
1669,852.7
1670,921.71
1671,922.11
1672,853.94
1673,722.85
1674,537.29
1675,320.53
1676,105.67
1677,0
1678,0
1679,0
1680,0
1681,0
1682,0
1683,0
1684,0
1685,0
1686,0
1687,0
1688,0
1689,101.13
1690,311.75
1691,523.47
1692,702.72
1693,834.66
1694,904.27
1695,901.57
1696,767.96
1697,651.05
1698,468.55
1699,248.09
1700,67.19
1701,0
1702,0
1703,0
1704,0
1705,0
1706,0
1707,0
1708,0
1709,0
1710,0
1711,0
1712,0
1713,69.59
1714,226.85
1715,281.96
1716,528.21
1717,603.51
1718,650.91
1719,562.82
1720,447.84
1721,477.08
1722,449.9
1723,245.7
1724,81.51
1725,0
1726,0
1727,0
1728,0
1729,0
1730,0
1731,0
1732,0
1733,0
1734,0
1735,0
1736,0
1737,83.86
1738,261.44
1739,412.23
1740,620.79
1741,752.24
1742,819.83
1743,870.97
1744,761.62
1745,638.82
1746,439.66
1747,232.6
1748,80.51
1749,0
1750,0
1751,0
1752,0
1753,0
1754,0
1755,0
1756,0
1757,0
1758,0
1759,0
1760,0
1761,101.14
1762,320.76
1763,535.06
1764,728.17
1765,865.99
1766,935.99
1767,933.3
1768,859.95
1769,722.32
1770,532.63
1771,310
1772,92.68
1773,0
1774,0
1775,0
1776,0
1777,0
1778,0
1779,0
1780,0
1781,0
1782,0
1783,0
1784,0
1785,93.13
1786,288.47
1787,483.17
1788,617.1
1789,770.35
1790,859.22
1791,889.8
1792,836.19
1793,703.19
1794,516.89
1795,298.6
1796,86.87
1797,0
1798,0
1799,0
1800,0
1801,0
1802,0
1803,0
1804,0
1805,0
1806,0
1807,0
1808,0
1809,92.61
1810,305.19
1811,521.48
1812,704.15
1813,834.35
1814,901.31
1815,899.07
1816,825.74
1817,694.93
1818,501.78
1819,288.32
1820,78.78
1821,0
1822,0
1823,0
1824,0
1825,0
1826,0
1827,0
1828,0
1829,0
1830,0
1831,0
1832,0
1833,82.92
1834,290.35
1835,489.55
1836,634.11
1837,797.88
1838,850.85
1839,826.88
1840,775.75
1841,647.41
1842,475.59
1843,264.83
1844,74.36
1845,0
1846,0
1847,0
1848,0
1849,0
1850,0
1851,0
1852,0
1853,0
1854,0
1855,0
1856,0
1857,82.45
1858,273.4
1859,492.49
1860,667.59
1861,792.56
1862,854.29
1863,817.36
1864,762.46
1865,626.12
1866,477.5
1867,269.05
1868,70.01
1869,0
1870,0
1871,0
1872,0
1873,0
1874,0
1875,0
1876,0
1877,0
1878,0
1879,0
1880,0
1881,71.31
1882,226.7
1883,465.14
1884,618.23
1885,773.68
1886,795.72
1887,833.57
1888,743.02
1889,643.69
1890,468.5
1891,263.29
1892,63.21
1893,0
1894,0
1895,0
1896,0
1897,0
1898,0
1899,0
1900,0
1901,0
1902,0
1903,0
1904,0
1905,60.77
1906,181.86
1907,324.47
1908,480.16
1909,617.76
1910,708.53
1911,802.14
1912,780.39
1913,658.11
1914,476.1
1915,263.33
1916,63.35
1917,0
1918,0
1919,0
1920,0
1921,0
1922,0
1923,0
1924,0
1925,0
1926,0
1927,0
1928,0
1929,73.74
1930,260.81
1931,429.83
1932,636.27
1933,778.26
1934,819.59
1935,844.33
1936,757.17
1937,641.69
1938,456.81
1939,242.6
1940,54.46
1941,0
1942,0
1943,0
1944,0
1945,0
1946,0
1947,0
1948,0
1949,0
1950,0
1951,0
1952,0
1953,52.19
1954,179.89
1955,344.55
1956,405.41
1957,480.51
1958,638.59
1959,751.71
1960,727.07
1961,579.19
1962,357.6
1963,208.95
1964,52.7
1965,0
1966,0
1967,0
1968,0
1969,0
1970,0
1971,0
1972,0
1973,0
1974,0
1975,0
1976,0
1977,61.46
1978,231.88
1979,462.36
1980,627.44
1981,747.81
1982,769.92
1983,609.54
1984,415.95
1985,254.82
1986,217.64
1987,53.45
1988,12.8
1989,0
1990,0
1991,0
1992,0
1993,0
1994,0
1995,0
1996,0
1997,0
1998,0
1999,0
2000,0
2001,14.5
2002,80.95
2003,130.54
2004,299.32
2005,240.6
2006,524.55
2007,564.03
2008,447.71
2009,222.18
2010,230.29
2011,113.57
2012,31.26
2013,0
2014,0
2015,0
2016,0
2017,0
2018,0
2019,0
2020,0
2021,0
2022,0
2023,0
2024,0
2025,44.98
2026,136.44
2027,229.14
2028,326.41
2029,409.24
2030,531.71
2031,701.48
2032,674.13
2033,574.3
2034,450.18
2035,239.71
2036,49.55
2037,0
2038,0
2039,0
2040,0
2041,0
2042,0
2043,0
2044,0
2045,0
2046,0
2047,0
2048,0
2049,70.1
2050,274.22
2051,487.17
2052,667.53
2053,796.01
2054,859.74
2055,855.4
2056,782.26
2057,643.18
2058,453.62
2059,234.11
2060,43.84
2061,0
2062,0
2063,0
2064,0
2065,0
2066,0
2067,0
2068,0
2069,0
2070,0
2071,0
2072,0
2073,54.92
2074,217.63
2075,444.5
2076,604.84
2077,714.44
2078,781.92
2079,813.79
2080,733.13
2081,635.64
2082,452.56
2083,237.97
2084,45.37
2085,0
2086,0
2087,0
2088,0
2089,0
2090,0
2091,0
2092,0
2093,0
2094,0
2095,0
2096,0
2097,66.32
2098,259.76
2099,451.63
2100,615.9
2101,726.37
2102,781.99
2103,831.29
2104,765.71
2105,610.28
2106,400.25
2107,184.3
2108,32.08
2109,0
2110,0
2111,0
2112,0
2113,0
2114,0
2115,0
2116,0
2117,0
2118,0
2119,0
2120,0
2121,19.55
2122,61.58
2123,148.84
2124,316.61
2125,446.8
2126,562.4
2127,686.56
2128,642.99
2129,513.62
2130,247.72
2131,99.94
2132,22.59
2133,0
2134,0
2135,0
2136,0
2137,0
2138,0
2139,0
2140,0
2141,0
2142,0
2143,0
2144,0
2145,55.69
2146,236.9
2147,369.24
2148,624.87
2149,728.58
2150,788.57
2151,803.97
2152,740.23
2153,616.74
2154,428.1
2155,217.07
2156,35.81
2157,0
2158,0
2159,0
2160,0
2161,0
2162,0
2163,0
2164,0
2165,0
2166,0
2167,0
2168,0
2169,58.7
2170,252.96
2171,459.71
2172,635.52
2173,762.84
2174,823.78
2175,812.66
2176,740.67
2177,605.65
2178,420.79
2179,210.41
2180,33.1
2181,0
2182,0
2183,0
2184,0
2185,0
2186,0
2187,0
2188,0
2189,0
2190,0
2191,0
2192,0
2193,24.1
2194,103.7
2195,238.38
2196,314.24
2197,466.08
2198,578.16
2199,588.84
2200,598.93
2201,440.08
2202,201.29
2203,81.57
2204,20.78
2205,0
2206,0
2207,0
2208,0
2209,0
2210,0
2211,0
2212,0
2213,0
2214,0
2215,0
2216,0
2217,51.92
2218,231.84
2219,424.93
2220,602.53
2221,736.53
2222,796.16
2223,751.47
2224,636.48
2225,534.05
2226,331.94
2227,133.35
2228,17.11
2229,0
2230,0
2231,0
2232,0
2233,0
2234,0
2235,0
2236,0
2237,0
2238,0
2239,0
2240,0
2241,51.74
2242,237.89
2243,442.13
2244,607.64
2245,729.74
2246,787.77
2247,717.38
2248,615.69
2249,486.39
2250,265.93
2251,84.93
2252,5.15
2253,0
2254,0
2255,0
2256,0
2257,0
2258,0
2259,0
2260,0
2261,0
2262,0
2263,0
2264,0
2265,45.7
2266,189.97
2267,313.5
2268,421.65
2269,600.37
2270,598.17
2271,494.7
2272,317.82
2273,369.41
2274,245.17
2275,106.62
2276,11.25
2277,0
2278,0
2279,0
2280,0
2281,0
2282,0
2283,0
2284,0
2285,0
2286,0
2287,0
2288,0
2289,42.66
2290,218.14
2291,390.6
2292,534.44
2293,628.06
2294,510.78
2295,513.43
2296,392.21
2297,275.66
2298,170.28
2299,67.05
2300,10.05
2301,0
2302,0
2303,0
2304,0
2305,0
2306,0
2307,0
2308,0
2309,0
2310,0
2311,0
2312,0
2313,32.25
2314,153.13
2315,202.51
2316,326.96
2317,456.49
2318,531.91
2319,483.63
2320,461.22
2321,403.05
2322,255.65
2323,87.57
2324,9.6
2325,0
2326,0
2327,0
2328,0
2329,0
2330,0
2331,0
2332,0
2333,0
2334,0
2335,0
2336,0
2337,27.03
2338,138.55
2339,232.5
2340,364.19
2341,469.57
2342,443.46
2343,559.09
2344,500.15
2345,431.53
2346,277.34
2347,131.86
2348,10.65
2349,0
2350,0
2351,0
2352,0
2353,0
2354,0
2355,0
2356,0
2357,0
2358,0
2359,0
2360,0
2361,14.83
2362,71.27
2363,208.43
2364,358.42
2365,531.05
2366,598.81
2367,640.96
2368,562.96
2369,515.09
2370,356.34
2371,165.11
2372,8.75
2373,0
2374,0
2375,0
2376,0
2377,0
2378,0
2379,0
2380,0
2381,0
2382,0
2383,0
2384,0
2385,42.93
2386,223.91
2387,425.02
2388,595.67
2389,715.8
2390,773.93
2391,764.76
2392,689.43
2393,554.69
2394,372.15
2395,167.62
2396,8.3
2397,0
2398,0
2399,0
2400,0
2401,0
2402,0
2403,0
2404,0
2405,0
2406,0
2407,0
2408,0
2409,40.02
2410,220.57
2411,427.38
2412,599.07
2413,707.3
2414,766.32
2415,738.26
2416,671
2417,419.65
2418,215.14
2419,107.8
2420,8.3
2421,0
2422,0
2423,0
2424,0
2425,0
2426,0
2427,0
2428,0
2429,0
2430,0
2431,0
2432,0
2433,19.45
2434,113.5
2435,238.5
2436,313.75
2437,436.88
2438,515.59
2439,538.86
2440,571.9
2441,466.7
2442,325.13
2443,141.6
2444,0
2445,0
2446,0
2447,0
2448,0
2449,0
2450,0
2451,0
2452,0
2453,0
2454,0
2455,0
2456,0
2457,36.53
2458,208.44
2459,396.51
2460,543.99
2461,693.5
2462,754.49
2463,731.24
2464,636.31
2465,507.48
2466,286.9
2467,121.53
2468,0
2469,0
2470,0
2471,0
2472,0
2473,0
2474,0
2475,0
2476,0
2477,0
2478,0
2479,0
2480,0
2481,37.04
2482,212.86
2483,411.9
2484,580.14
2485,697.63
2486,753.42
2487,741.76
2488,665.19
2489,527.19
2490,331.96
2491,123.01
2492,0
2493,0
2494,0
2495,0
2496,0
2497,0
2498,0
2499,0
2500,0
2501,0
2502,0
2503,0
2504,0
2505,35.33
2506,208.95
2507,406.89
2508,574.88
2509,692.13
2510,745.93
2511,736.16
2512,658.75
2513,520.71
2514,344.33
2515,143.77
2516,0
2517,0
2518,0
2519,0
2520,0
2521,0
2522,0
2523,0
2524,0
2525,0
2526,0
2527,0
2528,0
2529,32.81
2530,202.17
2531,374
2532,516.08
2533,623.53
2534,606.05
2535,573.88
2536,490.19
2537,395.86
2538,248.83
2539,93.67
2540,0
2541,0
2542,0
2543,0
2544,0
2545,0
2546,0
2547,0
2548,0
2549,0
2550,0
2551,0
2552,0
2553,22.73
2554,154.16
2555,230.99
2556,362.31
2557,607.34
2558,629.25
2559,574.01
2560,280.08
2561,258.82
2562,281.65
2563,118.97
2564,0
2565,0
2566,0
2567,0
2568,0
2569,0
2570,0
2571,0
2572,0
2573,0
2574,0
2575,0
2576,0
2577,27.32
2578,146.26
2579,238.72
2580,282.12
2581,334.34
2582,455.35
2583,536.76
2584,474.16
2585,319.5
2586,199.76
2587,62.37
2588,0
2589,0
2590,0
2591,0
2592,0
2593,0
2594,0
2595,0
2596,0
2597,0
2598,0
2599,0
2600,0
2601,27.4
2602,157.39
2603,324.68
2604,470.66
2605,509.68
2606,547.33
2607,484.06
2608,486.31
2609,353.14
2610,240.03
2611,85.27
2612,0
2613,0
2614,0
2615,0
2616,0
2617,0
2618,0
2619,0
2620,0
2621,0
2622,0
2623,0
2624,0
2625,21.1
2626,151.83
2627,325.53
2628,533.36
2629,655.34
2630,710.71
2631,681.25
2632,597.83
2633,237.03
2634,57.04
2635,58.14
2636,0
2637,0
2638,0
2639,0
2640,0
2641,0
2642,0
2643,0
2644,0
2645,0
2646,0
2647,0
2648,0
2649,12
2650,98.7
2651,224.58
2652,347.36
2653,364.39
2654,447.53
2655,494.84
2656,396.81
2657,265.66
2658,174.13
2659,77.44
2660,0
2661,0
2662,0
2663,0
2664,0
2665,0
2666,0
2667,0
2668,0
2669,0
2670,0
2671,0
2672,0
2673,12.45
2674,185.96
2675,376.18
2676,538.13
2677,652.71
2678,707.73
2679,695.37
2680,617.41
2681,437.1
2682,219.32
2683,98.27
2684,0
2685,0
2686,0
2687,0
2688,0
2689,0
2690,0
2691,0
2692,0
2693,0
2694,0
2695,0
2696,0
2697,14.45
2698,123.97
2699,254.37
2700,376.05
2701,516.39
2702,679.13
2703,682.65
2704,604.7
2705,464.85
2706,296.12
2707,107.95
2708,0
2709,0
2710,0
2711,0
2712,0
2713,0
2714,0
2715,0
2716,0
2717,0
2718,0
2719,0
2720,0
2721,15.1
2722,98.82
2723,146.32
2724,154.89
2725,172.49
2726,125.91
2727,125.72
2728,207.94
2729,318.79
2730,177.76
2731,82.97
2732,0
2733,0
2734,0
2735,0
2736,0
2737,0
2738,0
2739,0
2740,0
2741,0
2742,0
2743,0
2744,0
2745,11.05
2746,104.28
2747,237.92
2748,423.16
2749,586.62
2750,696.41
2751,681.68
2752,604.08
2753,470.86
2754,292.78
2755,103.91
2756,0
2757,0
2758,0
2759,0
2760,0
2761,0
2762,0
2763,0
2764,0
2765,0
2766,0
2767,0
2768,0
2769,13.7
2770,167.93
2771,346.67
2772,478.56
2773,519.01
2774,553.85
2775,419.86
2776,263.33
2777,146.64
2778,87.21
2779,20.17
2780,0
2781,0
2782,0
2783,0
2784,0
2785,0
2786,0
2787,0
2788,0
2789,0
2790,0
2791,0
2792,0
2793,13.45
2794,130.24
2795,307.09
2796,340.59
2797,441.88
2798,311.04
2799,371.47
2800,354.02
2801,285.3
2802,169.49
2803,75.54
2804,0
2805,0
2806,0
2807,0
2808,0
2809,0
2810,0
2811,0
2812,0
2813,0
2814,0
2815,0
2816,0
2817,10.1
2818,168.88
2819,350.57
2820,507.76
2821,604.04
2822,647.88
2823,583.09
2824,554.73
2825,421.65
2826,275.55
2827,92.68
2828,0
2829,0
2830,0
2831,0
2832,0
2833,0
2834,0
2835,0
2836,0
2837,0
2838,0
2839,0
2840,0
2841,8.7
2842,53.18
2843,100.19
2844,169.56
2845,135.33
2846,100.55
2847,100.78
2848,66.85
2849,139.78
2850,94.47
2851,36.29
2852,0
2853,0
2854,0
2855,0
2856,0
2857,0
2858,0
2859,0
2860,0
2861,0
2862,0
2863,0
2864,0
2865,3.15
2866,93.25
2867,269.56
2868,371.36
2869,582.83
2870,607.84
2871,409.47
2872,356.87
2873,222.89
2874,194.22
2875,57.2
2876,0
2877,0
2878,0
2879,0
2880,0
2881,0
2882,0
2883,0
2884,0
2885,0
2886,0
2887,0
2888,0
2889,9.9
2890,136.04
2891,272.82
2892,442.47
2893,532.89
2894,571.69
2895,528.23
2896,524.65
2897,396.8
2898,232.03
2899,74.7
2900,0
2901,0
2902,0
2903,0
2904,0
2905,0
2906,0
2907,0
2908,0
2909,0
2910,0
2911,0
2912,0
2913,5.95
2914,115.93
2915,228.71
2916,366.01
2917,364.33
2918,317.15
2919,426.92
2920,413.05
2921,206.06
2922,156.8
2923,48.23
2924,0
2925,0
2926,0
2927,0
2928,0
2929,0
2930,0
2931,0
2932,0
2933,0
2934,0
2935,0
2936,0
2937,5.9
2938,106.31
2939,210.32
2940,237.56
2941,336.87
2942,462.12
2943,357.03
2944,357.37
2945,209.44
2946,170.78
2947,64.22
2948,0
2949,0
2950,0
2951,0
2952,0
2953,0
2954,0
2955,0
2956,0
2957,0
2958,0
2959,0
2960,0
2961,8
2962,95.28
2963,195.45
2964,309.32
2965,423.14
2966,447.78
2967,467.19
2968,374.17
2969,358.42
2970,134.14
2971,42.48
2972,0
2973,0
2974,0
2975,0
2976,0
2977,0
2978,0
2979,0
2980,0
2981,0
2982,0
2983,0
2984,0
2985,7.35
2986,145.74
2987,331.91
2988,488.59
2989,574.32
2990,645.03
2991,629.59
2992,559.73
2993,427.53
2994,253.63
2995,74.49
2996,0
2997,0
2998,0
2999,0
3000,0
3001,0
3002,0
3003,0
3004,0
3005,0
3006,0
3007,0
3008,0
3009,7.05
3010,149.67
3011,334.17
3012,492.97
3013,604.23
3014,646.92
3015,609.49
3016,527.07
3017,407.13
3018,253.49
3019,73.07
3020,0
3021,0
3022,0
3023,0
3024,0
3025,0
3026,0
3027,0
3028,0
3029,0
3030,0
3031,0
3032,0
3033,0
3034,93.65
3035,266.31
3036,435.72
3037,525.99
3038,587.35
3039,562.16
3040,444.25
3041,324.4
3042,168.2
3043,45.68
3044,0
3045,0
3046,0
3047,0
3048,0
3049,0
3050,0
3051,0
3052,0
3053,0
3054,0
3055,0
3056,0
3057,0
3058,120.21
3059,252.07
3060,376.66
3061,550.87
3062,609.97
3063,559.66
3064,453.3
3065,260.84
3066,153.53
3067,49.31
3068,0
3069,0
3070,0
3071,0
3072,0
3073,0
3074,0
3075,0
3076,0
3077,0
3078,0
3079,0
3080,0
3081,0
3082,134.06
3083,287.66
3084,454.79
3085,542.52
3086,502.19
3087,314.61
3088,277.74
3089,225.72
3090,132.91
3091,41.97
3092,0
3093,0
3094,0
3095,0
3096,0
3097,0
3098,0
3099,0
3100,0
3101,0
3102,0
3103,0
3104,0
3105,0
3106,117.88
3107,271.35
3108,445.2
3109,545.35
3110,516.13
3111,508.93
3112,361.24
3113,337.62
3114,151.29
3115,39.69
3116,0
3117,0
3118,0
3119,0
3120,0
3121,0
3122,0
3123,0
3124,0
3125,0
3126,0
3127,0
3128,0
3129,0
3130,107.21
3131,236.42
3132,422.24
3133,451.91
3134,441.88
3135,466.9
3136,410.43
3137,320.78
3138,201.05
3139,50.25
3140,0
3141,0
3142,0
3143,0
3144,0
3145,0
3146,0
3147,0
3148,0
3149,0
3150,0
3151,0
3152,0
3153,0
3154,119.88
3155,281.81
3156,430.12
3157,490.99
3158,555.78
3159,533.48
3160,464.21
3161,320.42
3162,169.08
3163,48.38
3164,0
3165,0
3166,0
3167,0
3168,0
3169,0
3170,0
3171,0
3172,0
3173,0
3174,0
3175,0
3176,0
3177,0
3178,111.09
3179,300.77
3180,442.4
3181,543.56
3182,601.72
3183,597.02
3184,518.42
3185,394.35
3186,226.36
3187,56.68
3188,0
3189,0
3190,0
3191,0
3192,0
3193,0
3194,0
3195,0
3196,0
3197,0
3198,0
3199,0
3200,0
3201,0
3202,107.9
3203,248.9
3204,377.73
3205,495.28
3206,528.08
3207,477.73
3208,415.12
3209,230.21
3210,177.74
3211,45.94
3212,0
3213,0
3214,0
3215,0
3216,0
3217,0
3218,0
3219,0
3220,0
3221,0
3222,0
3223,0
3224,0
3225,0
3226,120.98
3227,263.65
3228,418.74
3229,540.07
3230,547.29
3231,572.11
3232,506.36
3233,374.47
3234,203.22
3235,49.43
3236,0
3237,0
3238,0
3239,0
3240,0
3241,0
3242,0
3243,0
3244,0
3245,0
3246,0
3247,0
3248,0
3249,0
3250,119.63
3251,296.82
3252,450.87
3253,551.16
3254,598.64
3255,591.48
3256,517.95
3257,388.71
3258,220.14
3259,52.02
3260,0
3261,0
3262,0
3263,0
3264,0
3265,0
3266,0
3267,0
3268,0
3269,0
3270,0
3271,0
3272,0
3273,0
3274,122.85
3275,300.3
3276,454.49
3277,561.61
3278,610.19
3279,596.09
3280,520.35
3281,389.92
3282,220.11
3283,51
3284,0
3285,0
3286,0
3287,0
3288,0
3289,0
3290,0
3291,0
3292,0
3293,0
3294,0
3295,0
3296,0
3297,0
3298,117.14
3299,290.5
3300,441.9
3301,547.27
3302,595.11
3303,580.85
3304,506.06
3305,377.83
3306,210.77
3307,47.5
3308,0
3309,0
3310,0
3311,0
3312,0
3313,0
3314,0
3315,0
3316,0
3317,0
3318,0
3319,0
3320,0
3321,0
3322,112.26
3323,282.35
3324,433.18
3325,540.61
3326,587.17
3327,568.08
3328,492.36
3329,365.82
3330,202.12
3331,44.46
3332,0
3333,0
3334,0
3335,0
3336,0
3337,0
3338,0
3339,0
3340,0
3341,0
3342,0
3343,0
3344,0
3345,0
3346,98
3347,265.41
3348,410.63
3349,522.48
3350,564.06
3351,564.46
3352,492.79
3353,366.37
3354,173.06
3355,37.65
3356,0
3357,0
3358,0
3359,0
3360,0
3361,0
3362,0
3363,0
3364,0
3365,0
3366,0
3367,0
3368,0
3369,0
3370,91.02
3371,229.26
3372,337.54
3373,382.94
3374,471.63
3375,312.18
3376,163.86
3377,141.28
3378,47
3379,11.18
3380,0
3381,0
3382,0
3383,0
3384,0
3385,0
3386,0
3387,0
3388,0
3389,0
3390,0
3391,0
3392,0
3393,0
3394,79.97
3395,201.89
3396,316.83
3397,341.93
3398,453.67
3399,376.47
3400,411.53
3401,273.2
3402,117.8
3403,27.1
3404,0
3405,0
3406,0
3407,0
3408,0
3409,0
3410,0
3411,0
3412,0
3413,0
3414,0
3415,0
3416,0
3417,0
3418,34.63
3419,83.63
3420,110.34
3421,157.71
3422,160.07
3423,139.99
3424,129.74
3425,61.14
3426,33.14
3427,9.3
3428,0
3429,0
3430,0
3431,0
3432,0
3433,0
3434,0
3435,0
3436,0
3437,0
3438,0
3439,0
3440,0
3441,0
3442,64.44
3443,187.24
3444,267.05
3445,326.15
3446,410.35
3447,447.32
3448,343.33
3449,279.87
3450,105.32
3451,16.19
3452,0
3453,0
3454,0
3455,0
3456,0
3457,0
3458,0
3459,0
3460,0
3461,0
3462,0
3463,0
3464,0
3465,0
3466,57.13
3467,197.1
3468,304.19
3469,432.24
3470,352.5
3471,373.36
3472,354.1
3473,182.87
3474,95.82
3475,18.33
3476,0
3477,0
3478,0
3479,0
3480,0
3481,0
3482,0
3483,0
3484,0
3485,0
3486,0
3487,0
3488,0
3489,0
3490,81.68
3491,152.53
3492,203.09
3493,364.97
3494,476.37
3495,552.05
3496,482.08
3497,353.06
3498,147.27
3499,27.86
3500,0
3501,0
3502,0
3503,0
3504,0
3505,0
3506,0
3507,0
3508,0
3509,0
3510,0
3511,0
3512,0
3513,0
3514,96.77
3515,246.46
3516,368.49
3517,431.82
3518,433.6
3519,255.37
3520,171.29
3521,100.3
3522,77.29
3523,21.81
3524,0
3525,0
3526,0
3527,0
3528,0
3529,0
3530,0
3531,0
3532,0
3533,0
3534,0
3535,0
3536,0
3537,0
3538,89
3539,254.26
3540,394.86
3541,499.14
3542,531.11
3543,485.39
3544,351.8
3545,232.27
3546,59.84
3547,14.34
3548,0
3549,0
3550,0
3551,0
3552,0
3553,0
3554,0
3555,0
3556,0
3557,0
3558,0
3559,0
3560,0
3561,0
3562,71.21
3563,225.71
3564,390.5
3565,481.69
3566,536.91
3567,517.93
3568,409.72
3569,313.27
3570,108.2
3571,23.41
3572,0
3573,0
3574,0
3575,0
3576,0
3577,0
3578,0
3579,0
3580,0
3581,0
3582,0
3583,0
3584,0
3585,0
3586,89.7
3587,253.67
3588,401.49
3589,504.91
3590,552.39
3591,538.79
3592,465.41
3593,340.84
3594,181.55
3595,33.81
3596,0
3597,0
3598,0
3599,0
3600,0
3601,0
3602,0
3603,0
3604,0
3605,0
3606,0
3607,0
3608,0
3609,0
3610,88.25
3611,251.27
3612,385.33
3613,481.04
3614,524.35
3615,379.75
3616,66.85
3617,40.93
3618,71.23
3619,27.19
3620,0
3621,0
3622,0
3623,0
3624,0
3625,0
3626,0
3627,0
3628,0
3629,0
3630,0
3631,0
3632,0
3633,0
3634,80.73
3635,214.26
3636,361.61
3637,430.24
3638,364.73
3639,406.95
3640,211.5
3641,48.49
3642,29.44
3643,9.7
3644,0
3645,0
3646,0
3647,0
3648,0
3649,0
3650,0
3651,0
3652,0
3653,0
3654,0
3655,0
3656,0
3657,0
3658,58.32
3659,165.43
3660,274.21
3661,411.92
3662,470.99
3663,341.39
3664,298.85
3665,239.85
3666,106.86
3667,19.39
3668,0
3669,0
3670,0
3671,0
3672,0
3673,0
3674,0
3675,0
3676,0
3677,0
3678,0
3679,0
3680,0
3681,0
3682,51.19
3683,147.25
3684,252.39
3685,299.04
3686,348.75
3687,395.94
3688,295.8
3689,238.11
3690,85.33
3691,15.81
3692,0
3693,0
3694,0
3695,0
3696,0
3697,0
3698,0
3699,0
3700,0
3701,0
3702,0
3703,0
3704,0
3705,0
3706,39.25
3707,121.46
3708,204.21
3709,333.3
3710,341.13
3711,310.01
3712,296
3713,225.1
3714,100.02
3715,20.25
3716,0
3717,0
3718,0
3719,0
3720,0
3721,0
3722,0
3723,0
3724,0
3725,0
3726,0
3727,0
3728,0
3729,0
3730,75.73
3731,234.63
3732,372.02
3733,475.14
3734,520.5
3735,497.12
3736,433.99
3737,307.39
3738,149.75
3739,26
3740,0
3741,0
3742,0
3743,0
3744,0
3745,0
3746,0
3747,0
3748,0
3749,0
3750,0
3751,0
3752,0
3753,0
3754,67.28
3755,176.36
3756,361.76
3757,449.25
3758,533.18
3759,521.42
3760,450.83
3761,329.06
3762,173.42
3763,30.17
3764,0
3765,0
3766,0
3767,0
3768,0
3769,0
3770,0
3771,0
3772,0
3773,0
3774,0
3775,0
3776,0
3777,0
3778,43.88
3779,136.96
3780,220.26
3781,326.7
3782,408.21
3783,340.94
3784,332.76
3785,263.57
3786,126.23
3787,20.73
3788,0
3789,0
3790,0
3791,0
3792,0
3793,0
3794,0
3795,0
3796,0
3797,0
3798,0
3799,0
3800,0
3801,0
3802,70.6
3803,205.31
3804,324.37
3805,468.3
3806,489.55
3807,448.28
3808,401.79
3809,264.68
3810,138.95
3811,22.15
3812,0
3813,0
3814,0
3815,0
3816,0
3817,0
3818,0
3819,0
3820,0
3821,0
3822,0
3823,0
3824,0
3825,0
3826,73.49
3827,231.01
3828,375.99
3829,477.73
3830,500.65
3831,489.03
3832,404.84
3833,295.02
3834,161.57
3835,27.18
3836,0
3837,0
3838,0
3839,0
3840,0
3841,0
3842,0
3843,0
3844,0
3845,0
3846,0
3847,0
3848,0
3849,0
3850,70.25
3851,220
3852,329.82
3853,399.43
3854,445.72
3855,408.58
3856,354.71
3857,258.17
3858,127.01
3859,24.19
3860,0
3861,0
3862,0
3863,0
3864,0
3865,0
3866,0
3867,0
3868,0
3869,0
3870,0
3871,0
3872,0
3873,0
3874,52.37
3875,182.31
3876,322.9
3877,434.48
3878,527.03
3879,517.65
3880,448.26
3881,327.24
3882,171.22
3883,29.23
3884,0
3885,0
3886,0
3887,0
3888,0
3889,0
3890,0
3891,0
3892,0
3893,0
3894,0
3895,0
3896,0
3897,0
3898,47.93
3899,179.42
3900,315.7
3901,408.48
3902,509.92
3903,492.92
3904,393.99
3905,259.89
3906,140.17
3907,26
3908,0
3909,0
3910,0
3911,0
3912,0
3913,0
3914,0
3915,0
3916,0
3917,0
3918,0
3919,0
3920,0
3921,0
3922,64.6
3923,216.61
3924,359.43
3925,456.73
3926,498.01
3927,479.97
3928,393.32
3929,295.8
3930,162.51
3931,27.89
3932,0
3933,0
3934,0
3935,0
3936,0
3937,0
3938,0
3939,0
3940,0
3941,0
3942,0
3943,0
3944,0
3945,0
3946,40.51
3947,159.41
3948,122.33
3949,174.88
3950,133.66
3951,234.46
3952,277.88
3953,238.35
3954,125.38
3955,20.8
3956,0
3957,0
3958,0
3959,0
3960,0
3961,0
3962,0
3963,0
3964,0
3965,0
3966,0
3967,0
3968,0
3969,0
3970,61.96
3971,209.65
3972,349.52
3973,451.51
3974,498.24
3975,475.22
3976,336.31
3977,110.07
3978,73.46
3979,19.79
3980,0
3981,0
3982,0
3983,0
3984,0
3985,0
3986,0
3987,0
3988,0
3989,0
3990,0
3991,0
3992,0
3993,0
3994,54.08
3995,145.97
3996,283.74
3997,392.14
3998,446.55
3999,333.12
4000,246.32
4001,148.41
4002,81.58
4003,18.8
4004,0
4005,0
4006,0
4007,0
4008,0
4009,0
4010,0
4011,0
4012,0
4013,0
4014,0
4015,0
4016,0
4017,0
4018,57.07
4019,196.68
4020,306.55
4021,372.91
4022,386.9
4023,446.2
4024,292.55
4025,174.65
4026,90.65
4027,14.05
4028,0
4029,0
4030,0
4031,0
4032,0
4033,0
4034,0
4035,0
4036,0
4037,0
4038,0
4039,0
4040,0
4041,0
4042,45.55
4043,134.53
4044,255.29
4045,375.64
4046,384.34
4047,398.56
4048,301.39
4049,199.68
4050,141.67
4051,24.5
4052,0
4053,0
4054,0
4055,0
4056,0
4057,0
4058,0
4059,0
4060,0
4061,0
4062,0
4063,0
4064,0
4065,0
4066,61.33
4067,212.31
4068,357.05
4069,461
4070,511.95
4071,499.4
4072,426.36
4073,301.32
4074,165.83
4075,28.63
4076,0
4077,0
4078,0
4079,0
4080,0
4081,0
4082,0
4083,0
4084,0
4085,0
4086,0
4087,0
4088,0
4089,0
4090,39.67
4091,161.77
4092,299.16
4093,315.82
4094,335.87
4095,295.25
4096,327.36
4097,228.46
4098,121.83
4099,19.15
4100,0
4101,0
4102,0
4103,0
4104,0
4105,0
4106,0
4107,0
4108,0
4109,0
4110,0
4111,0
4112,0
4113,0
4114,53.12
4115,167.22
4116,324.77
4117,421.06
4118,469.75
4119,436.72
4120,342.57
4121,233.83
4122,115.28
4123,19.1
4124,0
4125,0
4126,0
4127,0
4128,0
4129,0
4130,0
4131,0
4132,0
4133,0
4134,0
4135,0
4136,0
4137,0
4138,44.93
4139,137.91
4140,250.08
4141,334
4142,395.64
4143,358.74
4144,288.88
4145,228.74
4146,110.6
4147,25.49
4148,0
4149,0
4150,0
4151,0
4152,0
4153,0
4154,0
4155,0
4156,0
4157,0
4158,0
4159,0
4160,0
4161,0
4162,47.04
4163,163.86
4164,207.73
4165,315.02
4166,337.43
4167,362.05
4168,267.61
4169,209.59
4170,94.86
4171,23.79
4172,0
4173,0
4174,0
4175,0
4176,0
4177,0
4178,0
4179,0
4180,0
4181,0
4182,0
4183,0
4184,0
4185,0
4186,58.36
4187,194.86
4188,349.52
4189,441.93
4190,489.02
4191,478.65
4192,418.12
4193,315.98
4194,138.35
4195,22.97
4196,0
4197,0
4198,0
4199,0
4200,0
4201,0
4202,0
4203,0
4204,0
4205,0
4206,0
4207,0
4208,0
4209,0
4210,46.26
4211,148.3
4212,294.66
4213,379.52
4214,481.82
4215,425.65
4216,388.56
4217,291.92
4218,145.23
4219,27.76
4220,0
4221,0
4222,0
4223,0
4224,0
4225,0
4226,0
4227,0
4228,0
4229,0
4230,0
4231,0
4232,0
4233,0
4234,56.34
4235,186.67
4236,338.51
4237,444.5
4238,492.3
4239,491.87
4240,409.96
4241,301.57
4242,128.09
4243,23.25
4244,0
4245,0
4246,0
4247,0
4248,0
4249,0
4250,0
4251,0
4252,0
4253,0
4254,0
4255,0
4256,0
4257,0
4258,36.11
4259,124.58
4260,241.71
4261,316.86
4262,436.7
4263,438.19
4264,414.55
4265,296.23
4266,163.39
4267,29.57
4268,0
4269,0
4270,0
4271,0
4272,0
4273,0
4274,0
4275,0
4276,0
4277,0
4278,0
4279,0
4280,0
4281,0
4282,57.67
4283,206.07
4284,352.19
4285,457.43
4286,509.93
4287,502.31
4288,437.89
4289,321.32
4290,170.58
4291,31.79
4292,0
4293,0
4294,0
4295,0
4296,0
4297,0
4298,0
4299,0
4300,0
4301,0
4302,0
4303,0
4304,0
4305,0
4306,56.49
4307,196.67
4308,347.04
4309,452.07
4310,503.88
4311,496.17
4312,431.17
4313,313.82
4314,167.2
4315,29.05
4316,0
4317,0
4318,0
4319,0
4320,0
4321,0
4322,0
4323,0
4324,0
4325,0
4326,0
4327,0
4328,0
4329,0
4330,58.01
4331,209.19
4332,356.23
4333,463.9
4334,517.94
4335,511.51
4336,445.61
4337,328.28
4338,176.19
4339,33.67
4340,0
4341,0
4342,0
4343,0
4344,0
4345,0
4346,0
4347,0
4348,0
4349,0
4350,0
4351,0
4352,0
4353,0
4354,51.23
4355,154.78
4356,239.27
4357,370.93
4358,410.73
4359,393.79
4360,394.44
4361,258.63
4362,159.19
4363,31.21
4364,0
4365,0
4366,0
4367,0
4368,0
4369,0
4370,0
4371,0
4372,0
4373,0
4374,0
4375,0
4376,0
4377,0
4378,55.65
4379,196.99
4380,326.74
4381,421.79
4382,486.99
4383,496.13
4384,435.78
4385,319.91
4386,162.49
4387,27.17
4388,0
4389,0
4390,0
4391,0
4392,0
4393,0
4394,0
4395,0
4396,0
4397,0
4398,0
4399,0
4400,0
4401,0
4402,54.59
4403,202.86
4404,342.81
4405,437.41
4406,445.99
4407,423.46
4408,289.39
4409,185
4410,108.81
4411,28.54
4412,0
4413,0
4414,0
4415,0
4416,0
4417,0
4418,0
4419,0
4420,0
4421,0
4422,0
4423,0
4424,0
4425,0
4426,47.88
4427,145.81
4428,267.13
4429,386.15
4430,425.96
4431,396.73
4432,314.94
4433,224.38
4434,115.42
4435,23.69
4436,0
4437,0
4438,0
4439,0
4440,0
4441,0
4442,0
4443,0
4444,0
4445,0
4446,0
4447,0
4448,0
4449,0
4450,35.55
4451,131.46
4452,223.74
4453,343.1
4454,346.77
4455,419.06
4456,355.71
4457,292.81
4458,59.48
4459,19.65
4460,0
4461,0
4462,0
4463,0
4464,0
4465,0
4466,0
4467,0
4468,0
4469,0
4470,0
4471,0
4472,0
4473,0
4474,41.44
4475,139.03
4476,256.16
4477,297.76
4478,351.73
4479,340.81
4480,284.79
4481,202.96
4482,116.96
4483,26.44
4484,0
4485,0
4486,0
4487,0
4488,0
4489,0
4490,0
4491,0
4492,0
4493,0
4494,0
4495,0
4496,0
4497,0
4498,39.59
4499,143.17
4500,265.2
4501,378.85
4502,399.28
4503,461.72
4504,406.07
4505,328.44
4506,177.04
4507,37.45
4508,0
4509,0
4510,0
4511,0
4512,0
4513,0
4514,0
4515,0
4516,0
4517,0
4518,0
4519,0
4520,0
4521,0
4522,58.25
4523,199.27
4524,350.39
4525,444.65
4526,513.35
4527,492.48
4528,405.87
4529,326.2
4530,182.27
4531,36.91
4532,0
4533,0
4534,0
4535,0
4536,0
4537,0
4538,0
4539,0
4540,0
4541,0
4542,0
4543,0
4544,0
4545,0
4546,59.2
4547,210.59
4548,358.05
4549,467.17
4550,522.41
4551,517.72
4552,453.08
4553,326.4
4554,178.95
4555,38.1
4556,0
4557,0
4558,0
4559,0
4560,0
4561,0
4562,0
4563,0
4564,0
4565,0
4566,0
4567,0
4568,0
4569,0
4570,54.99
4571,177.49
4572,296.76
4573,388.22
4574,471.46
4575,471.4
4576,418.96
4577,312.5
4578,167.11
4579,34.34
4580,0
4581,0
4582,0
4583,0
4584,0
4585,0
4586,0
4587,0
4588,0
4589,0
4590,0
4591,0
4592,0
4593,0
4594,39.76
4595,131.7
4596,283.37
4597,402.16
4598,482.53
4599,394.03
4600,326.58
4601,237.56
4602,135.58
4603,25.15
4604,0
4605,0
4606,0
4607,0
4608,0
4609,0
4610,0
4611,0
4612,0
4613,0
4614,0
4615,0
4616,0
4617,0
4618,59.25
4619,203.65
4620,344.11
4621,450.57
4622,471.5
4623,369.68
4624,239.81
4625,192.35
4626,80.69
4627,12.97
4628,0
4629,0
4630,0
4631,0
4632,0
4633,0
4634,0
4635,0
4636,0
4637,0
4638,0
4639,0
4640,0
4641,0
4642,51.03
4643,195.66
4644,313.56
4645,408.02
4646,471.39
4647,420.29
4648,302
4649,251.69
4650,121.96
4651,27.88
4652,0
4653,0
4654,0
4655,0
4656,0
4657,0
4658,0
4659,0
4660,0
4661,0
4662,0
4663,0
4664,0
4665,0
4666,51.26
4667,169.73
4668,275.45
4669,356.37
4670,449.59
4671,437.1
4672,446.85
4673,331.19
4674,179.77
4675,44.2
4676,0
4677,0
4678,0
4679,0
4680,0
4681,0
4682,0
4683,0
4684,0
4685,0
4686,0
4687,0
4688,0
4689,0
4690,34.84
4691,122.21
4692,236.51
4693,318.6
4694,388.89
4695,411.65
4696,430.38
4697,345.81
4698,194.27
4699,46.14
4700,0
4701,0
4702,0
4703,0
4704,0
4705,0
4706,0
4707,0
4708,0
4709,0
4710,0
4711,0
4712,0
4713,0
4714,63.98
4715,219.01
4716,370.16
4717,479.59
4718,535.58
4719,524.06
4720,456.67
4721,346.22
4722,194.38
4723,46.6
4724,0
4725,0
4726,0
4727,0
4728,0
4729,0
4730,0
4731,0
4732,0
4733,0
4734,0
4735,0
4736,0
4737,0
4738,63.54
4739,213.77
4740,357.93
4741,473.16
4742,531.67
4743,528.98
4744,466.2
4745,351.44
4746,196.88
4747,48.09
4748,0
4749,0
4750,0
4751,0
4752,0
4753,0
4754,0
4755,0
4756,0
4757,0
4758,0
4759,0
4760,0
4761,0
4762,65.41
4763,219.97
4764,369.64
4765,479.82
4766,535.96
4767,532.23
4768,469.05
4769,351.63
4770,192.01
4771,45.61
4772,0
4773,0
4774,0
4775,0
4776,0
4777,0
4778,0
4779,0
4780,0
4781,0
4782,0
4783,0
4784,0
4785,0
4786,53.74
4787,80.23
4788,165.5
4789,163.31
4790,287.47
4791,419.99
4792,399.35
4793,278.61
4794,163.58
4795,42.51
4796,0
4797,0
4798,0
4799,0
4800,0
4801,0
4802,0
4803,0
4804,0
4805,0
4806,0
4807,0
4808,0
4809,0
4810,63
4811,134.14
4812,216.13
4813,357.22
4814,290.44
4815,349.03
4816,273.84
4817,256.94
4818,148.54
4819,30.98
4820,0
4821,0
4822,0
4823,0
4824,0
4825,0
4826,0
4827,0
4828,0
4829,0
4830,0
4831,0
4832,0
4833,0
4834,43.16
4835,171.28
4836,262.29
4837,422.27
4838,403.87
4839,405.68
4840,337.67
4841,265.91
4842,160.02
4843,43.05
4844,0
4845,0
4846,0
4847,0
4848,0
4849,0
4850,0
4851,0
4852,0
4853,0
4854,0
4855,0
4856,0
4857,0
4858,54.47
4859,172.78
4860,326.64
4861,431.27
4862,488.82
4863,443.82
4864,400.18
4865,261.35
4866,193.88
4867,49.78
4868,0
4869,0
4870,0
4871,0
4872,0
4873,0
4874,0
4875,0
4876,0
4877,0
4878,0
4879,0
4880,0
4881,0
4882,68.34
4883,214.54
4884,358.3
4885,462.69
4886,541.57
4887,543.09
4888,482.09
4889,365.79
4890,213.64
4891,57.37
4892,0
4893,0
4894,0
4895,0
4896,0
4897,0
4898,0
4899,0
4900,0
4901,0
4902,0
4903,0
4904,0
4905,0
4906,61.06
4907,146.24
4908,271.74
4909,384.39
4910,490.95
4911,554.03
4912,489.86
4913,371.7
4914,216.25
4915,58.84
4916,0
4917,0
4918,0
4919,0
4920,0
4921,0
4922,0
4923,0
4924,0
4925,0
4926,0
4927,0
4928,0
4929,0
4930,75.55
4931,234.92
4932,385.92
4933,496.4
4934,553.1
4935,542.93
4936,449.45
4937,304.46
4938,147.24
4939,41.26
4940,0
4941,0
4942,0
4943,0
4944,0
4945,0
4946,0
4947,0
4948,0
4949,0
4950,0
4951,0
4952,0
4953,0
4954,36.96
4955,106.02
4956,218.71
4957,259.58
4958,374.13
4959,404.15
4960,468.21
4961,363.56
4962,214.06
4963,60.29
4964,0
4965,0
4966,0
4967,0
4968,0
4969,0
4970,0
4971,0
4972,0
4973,0
4974,0
4975,0
4976,0
4977,0
4978,52.02
4979,136.15
4980,239.06
4981,334.19
4982,404.81
4983,409.41
4984,309.18
4985,202.99
4986,126.13
4987,33.61
4988,0
4989,0
4990,0
4991,0
4992,0
4993,0
4994,0
4995,0
4996,0
4997,0
4998,0
4999,0
5000,0
5001,0
5002,77.34
5003,215.61
5004,352.42
5005,432.81
5006,482.86
5007,465.61
5008,410.47
5009,313.39
5010,179.15
5011,57.65
5012,0
5013,0
5014,0
5015,0
5016,0
5017,0
5018,0
5019,0
5020,0
5021,0
5022,0
5023,0
5024,0
5025,0
5026,83.44
5027,233.52
5028,390.86
5029,456.76
5030,522.3
5031,576.03
5032,485.09
5033,291.06
5034,141.91
5035,45.2
5036,0
5037,0
5038,0
5039,0
5040,0
5041,0
5042,0
5043,0
5044,0
5045,0
5046,0
5047,0
5048,0
5049,0
5050,82.61
5051,213.52
5052,393.24
5053,415.23
5054,525.06
5055,548.09
5056,465.74
5057,321.96
5058,143.27
5059,48.77
5060,0
5061,0
5062,0
5063,0
5064,0
5065,0
5066,0
5067,0
5068,0
5069,0
5070,0
5071,0
5072,0
5073,0
5074,40.87
5075,138.39
5076,255.26
5077,378.08
5078,420.45
5079,514.16
5080,482.35
5081,386.31
5082,230.28
5083,69.43
5084,0
5085,0
5086,0
5087,0
5088,0
5089,0
5090,0
5091,0
5092,0
5093,0
5094,0
5095,0
5096,0
5097,0
5098,52.26
5099,187.83
5100,352.73
5101,518.06
5102,576.85
5103,573.56
5104,508.48
5105,389.16
5106,232.73
5107,71.08
5108,0
5109,0
5110,0
5111,0
5112,0
5113,0
5114,0
5115,0
5116,0
5117,0
5118,0
5119,0
5120,0
5121,0
5122,90.09
5123,256.03
5124,411.44
5125,525.14
5126,583.08
5127,578.21
5128,501.85
5129,378.13
5130,219.3
5131,67.1
5132,0
5133,0
5134,0
5135,0
5136,0
5137,0
5138,0
5139,0
5140,0
5141,0
5142,0
5143,0
5144,0
5145,0
5146,92.43
5147,259.32
5148,412.55
5149,506.96
5150,579.85
5151,578.08
5152,507.43
5153,374.8
5154,228.3
5155,63.9
5156,0
5157,0
5158,0
5159,0
5160,0
5161,0
5162,0
5163,0
5164,0
5165,0
5166,0
5167,0
5168,0
5169,0
5170,67.98
5171,177.51
5172,277.18
5173,360.47
5174,373.3
5175,243.85
5176,461.89
5177,375.52
5178,234.93
5179,72.96
5180,0
5181,0
5182,0
5183,0
5184,0
5185,0
5186,0
5187,0
5188,0
5189,0
5190,0
5191,0
5192,0
5193,0
5194,95.51
5195,265.29
5196,415.76
5197,496.51
5198,562.53
5199,545.84
5200,498.04
5201,396.41
5202,241.69
5203,80.26
5204,0
5205,0
5206,0
5207,0
5208,0
5209,0
5210,0
5211,0
5212,0
5213,0
5214,0
5215,0
5216,0
5217,0
5218,73.97
5219,187.65
5220,253.97
5221,344.41
5222,399.86
5223,456.34
5224,399.92
5225,347.99
5226,200.82
5227,58.37
5228,0
5229,0
5230,0
5231,0
5232,0
5233,0
5234,0
5235,0
5236,0
5237,0
5238,0
5239,0
5240,0
5241,0
5242,26.3
5243,66.4
5244,112.24
5245,153.1
5246,216.93
5247,236.47
5248,252.61
5249,170.33
5250,81.62
5251,25.89
5252,0
5253,0
5254,0
5255,0
5256,0
5257,0
5258,0
5259,0
5260,0
5261,0
5262,0
5263,0
5264,0
5265,0
5266,39.69
5267,119.89
5268,113.45
5269,195.66
5270,214.85
5271,428.95
5272,383.6
5273,223.21
5274,72.01
5275,28.54
5276,0
5277,0
5278,0
5279,0
5280,0
5281,0
5282,0
5283,0
5284,0
5285,0
5286,0
5287,0
5288,0
5289,0
5290,28.3
5291,86.89
5292,133.62
5293,159.12
5294,128.79
5295,179.26
5296,179.88
5297,100.74
5298,82.15
5299,33.32
5300,0
5301,0
5302,0
5303,0
5304,0
5305,0
5306,0
5307,0
5308,0
5309,0
5310,0
5311,0
5312,0
5313,0
5314,73.34
5315,225.86
5316,402.63
5317,508.07
5318,490.47
5319,419.54
5320,348.39
5321,312.99
5322,141.87
5323,51.79
5324,0
5325,0
5326,0
5327,0
5328,0
5329,0
5330,0
5331,0
5332,0
5333,0
5334,0
5335,0
5336,0
5337,0
5338,109.88
5339,281.18
5340,446.13
5341,560.85
5342,618.11
5343,610.7
5344,546.14
5345,415.87
5346,189.78
5347,57.42
5348,0
5349,0
5350,0
5351,0
5352,0
5353,0
5354,0
5355,0
5356,0
5357,0
5358,0
5359,0
5360,0
5361,0
5362,34.08
5363,108.02
5364,311.79
5365,273.14
5366,399
5367,411.54
5368,236.75
5369,219.47
5370,196.99
5371,76.09
5372,0
5373,0
5374,0
5375,0
5376,0
5377,0
5378,0
5379,0
5380,0
5381,0
5382,0
5383,0
5384,0
5385,0
5386,102.26
5387,284.26
5388,388.33
5389,417.71
5390,332.92
5391,293.82
5392,249.51
5393,291.67
5394,241.71
5395,69.53
5396,0
5397,0
5398,0
5399,0
5400,0
5401,0
5402,0
5403,0
5404,0
5405,0
5406,0
5407,0
5408,0
5409,0
5410,111.37
5411,276.34
5412,407.79
5413,513.43
5414,486.59
5415,447.58
5416,402.07
5417,326.39
5418,204.95
5419,65.02
5420,0
5421,0
5422,0
5423,0
5424,0
5425,0
5426,0
5427,0
5428,0
5429,0
5430,0
5431,0
5432,0
5433,0
5434,105.15
5435,220.77
5436,391.4
5437,481.7
5438,521.34
5439,517.14
5440,530.16
5441,358.52
5442,171.73
5443,61.76
5444,0
5445,0
5446,0
5447,0
5448,0
5449,0
5450,0
5451,0
5452,0
5453,0
5454,0
5455,0
5456,0
5457,0
5458,120.53
5459,255.37
5460,413.27
5461,483.31
5462,566.38
5463,485.71
5464,490.77
5465,357.35
5466,203.9
5467,72.31
5468,0
5469,0
5470,0
5471,0
5472,0
5473,0
5474,0
5475,0
5476,0
5477,0
5478,0
5479,0
5480,0
5481,0
5482,103.23
5483,245.3
5484,320.77
5485,481.43
5486,475.26
5487,535.98
5488,419.94
5489,269.94
5490,173.22
5491,62.04
5492,0
5493,0
5494,0
5495,0
5496,0
5497,0
5498,0
5499,0
5500,0
5501,0
5502,0
5503,0
5504,0
5505,0
5506,107.29
5507,228.46
5508,143.11
5509,437.45
5510,570.82
5511,504.43
5512,409.55
5513,316.11
5514,246.15
5515,95.45
5516,0
5517,0
5518,0
5519,0
5520,0
5521,0
5522,0
5523,0
5524,0
5525,0
5526,0
5527,0
5528,0
5529,9.3
5530,142.47
5531,324.18
5532,483.36
5533,592.18
5534,657.65
5535,502.05
5536,444.09
5537,221.57
5538,119.9
5539,62.63
5540,0
5541,0
5542,0
5543,0
5544,0
5545,0
5546,0
5547,0
5548,0
5549,0
5550,0
5551,0
5552,0
5553,9.35
5554,143.69
5555,319.83
5556,405.78
5557,564.07
5558,602.83
5559,551.28
5560,405.8
5561,342.54
5562,247.45
5563,78.68
5564,0
5565,0
5566,0
5567,0
5568,0
5569,0
5570,0
5571,0
5572,0
5573,0
5574,0
5575,0
5576,0
5577,10.35
5578,134.5
5579,273.3
5580,462.37
5581,480.79
5582,469.61
5583,532.15
5584,387.47
5585,325.56
5586,196.97
5587,75.05
5588,0
5589,0
5590,0
5591,0
5592,0
5593,0
5594,0
5595,0
5596,0
5597,0
5598,0
5599,0
5600,0
5601,8.2
5602,96.61
5603,291.56
5604,366.84
5605,553.95
5606,604.36
5607,586.52
5608,536.41
5609,341.41
5610,254.63
5611,103.27
5612,0
5613,0
5614,0
5615,0
5616,0
5617,0
5618,0
5619,0
5620,0
5621,0
5622,0
5623,0
5624,0
5625,11.7
5626,135.13
5627,310.99
5628,461.3
5629,543.83
5630,518.46
5631,389.38
5632,455.55
5633,372.76
5634,211.75
5635,84.17
5636,0
5637,0
5638,0
5639,0
5640,0
5641,0
5642,0
5643,0
5644,0
5645,0
5646,0
5647,0
5648,0
5649,10.65
5650,155.38
5651,317.6
5652,442.8
5653,479
5654,531.74
5655,437.14
5656,425.89
5657,330.74
5658,134.93
5659,59.28
5660,0
5661,0
5662,0
5663,0
5664,0
5665,0
5666,0
5667,0
5668,0
5669,0
5670,0
5671,0
5672,0
5673,12.3
5674,146.27
5675,323.3
5676,467.22
5677,493.45
5678,304.96
5679,233.57
5680,248.04
5681,230.63
5682,154.77
5683,89.36
5684,0
5685,0
5686,0
5687,0
5688,0
5689,0
5690,0
5691,0
5692,0
5693,0
5694,0
5695,0
5696,0
5697,14.1
5698,171.44
5699,357.4
5700,519.6
5701,638.39
5702,693.64
5703,668.05
5704,581.25
5705,456.12
5706,295.82
5707,121.46
5708,0
5709,0
5710,0
5711,0
5712,0
5713,0
5714,0
5715,0
5716,0
5717,0
5718,0
5719,0
5720,0
5721,14.85
5722,176.93
5723,366.27
5724,531.26
5725,645.38
5726,680.85
5727,644.25
5728,549.62
5729,423.95
5730,292.31
5731,121.16
5732,0
5733,0
5734,0
5735,0
5736,0
5737,0
5738,0
5739,0
5740,0
5741,0
5742,0
5743,0
5744,0
5745,15.65
5746,182.67
5747,372.66
5748,536.97
5749,653.26
5750,709.53
5751,699.76
5752,625.64
5753,494.75
5754,321.36
5755,128.15
5756,0
5757,0
5758,0
5759,0
5760,0
5761,0
5762,0
5763,0
5764,0
5765,0
5766,0
5767,0
5768,0
5769,16.34
5770,115.45
5771,245.27
5772,385.08
5773,586.69
5774,658.49
5775,709.01
5776,634.09
5777,501.05
5778,323.62
5779,133.23
5780,0
5781,0
5782,0
5783,0
5784,0
5785,0
5786,0
5787,0
5788,0
5789,0
5790,0
5791,0
5792,0
5793,31.68
5794,195.89
5795,391.33
5796,559.78
5797,678.36
5798,735.29
5799,725.72
5800,650.69
5801,516.31
5802,337.97
5803,141.14
5804,0
5805,0
5806,0
5807,0
5808,0
5809,0
5810,0
5811,0
5812,0
5813,0
5814,0
5815,0
5816,0
5817,29.68
5818,169.68
5819,333.16
5820,404.92
5821,371.92
5822,413.76
5823,345.23
5824,386.9
5825,299.28
5826,146.64
5827,89.92
5828,0
5829,0
5830,0
5831,0
5832,0
5833,0
5834,0
5835,0
5836,0
5837,0
5838,0
5839,0
5840,0
5841,29.65
5842,152.94
5843,330.72
5844,419.48
5845,572.04
5846,616.6
5847,691.45
5848,629.93
5849,498.31
5850,341.12
5851,145.46
5852,0
5853,0
5854,0
5855,0
5856,0
5857,0
5858,0
5859,0
5860,0
5861,0
5862,0
5863,0
5864,0
5865,39.73
5866,213.92
5867,410.93
5868,571.22
5869,671.51
5870,713.1
5871,676.5
5872,596.65
5873,436.95
5874,276.95
5875,103.19
5876,0
5877,0
5878,0
5879,0
5880,0
5881,0
5882,0
5883,0
5884,0
5885,0
5886,0
5887,0
5888,0
5889,39.86
5890,208.22
5891,401.09
5892,567.71
5893,682.07
5894,739.64
5895,730.46
5896,650.37
5897,519.59
5898,345.38
5899,147.73
5900,0
5901,0
5902,0
5903,0
5904,0
5905,0
5906,0
5907,0
5908,0
5909,0
5910,0
5911,0
5912,0
5913,37.24
5914,207.69
5915,361.43
5916,507.93
5917,600.61
5918,367.36
5919,480.22
5920,544.02
5921,307.75
5922,242.66
5923,96.49
5924,0
5925,0
5926,0
5927,0
5928,0
5929,0
5930,0
5931,0
5932,0
5933,0
5934,0
5935,0
5936,0
5937,44.09
5938,208.06
5939,415.54
5940,570.03
5941,689.69
5942,746.51
5943,735.5
5944,601.16
5945,354.99
5946,198.11
5947,100.96
5948,0
5949,0
5950,0
5951,0
5952,0
5953,0
5954,0
5955,0
5956,0
5957,0
5958,0
5959,0
5960,0
5961,47.32
5962,204.32
5963,353.59
5964,460.89
5965,572.34
5966,628.45
5967,673.43
5968,637.71
5969,468.23
5970,344.34
5971,153.67
5972,9.2
5973,0
5974,0
5975,0
5976,0
5977,0
5978,0
5979,0
5980,0
5981,0
5982,0
5983,0
5984,0
5985,53
5986,233.86
5987,423.3
5988,588.59
5989,704.36
5990,765.27
5991,740.25
5992,670.78
5993,542.62
5994,359.76
5995,161.59
5996,9.7
5997,0
5998,0
5999,0
6000,0
6001,0
6002,0
6003,0
6004,0
6005,0
6006,0
6007,0
6008,0
6009,56
6010,239.79
6011,437.19
6012,603.37
6013,716.4
6014,768.05
6015,752.2
6016,671.93
6017,538.83
6018,349.61
6019,137.83
6020,10.4
6021,0
6022,0
6023,0
6024,0
6025,0
6026,0
6027,0
6028,0
6029,0
6030,0
6031,0
6032,0
6033,37.14
6034,198.92
6035,357.5
6036,453.83
6037,544.5
6038,499.13
6039,306.32
6040,207.74
6041,141.05
6042,93.48
6043,30.59
6044,3.85
6045,0
6046,0
6047,0
6048,0
6049,0
6050,0
6051,0
6052,0
6053,0
6054,0
6055,0
6056,0
6057,24.15
6058,173.22
6059,422.8
6060,612.61
6061,728.02
6062,780.41
6063,766.35
6064,685.98
6065,545.85
6066,363.63
6067,162.1
6068,10
6069,0
6070,0
6071,0
6072,0
6073,0
6074,0
6075,0
6076,0
6077,0
6078,0
6079,0
6080,0
6081,65.76
6082,253.21
6083,451.02
6084,616.52
6085,730.25
6086,785.27
6087,772.01
6088,690.61
6089,552.17
6090,367.97
6091,169.58
6092,10.8
6093,0
6094,0
6095,0
6096,0
6097,0
6098,0
6099,0
6100,0
6101,0
6102,0
6103,0
6104,0
6105,66.44
6106,252.93
6107,447.71
6108,603.74
6109,697.91
6110,737.82
6111,615.35
6112,569.69
6113,454.49
6114,334.25
6115,157.9
6116,10.9
6117,0
6118,0
6119,0
6120,0
6121,0
6122,0
6123,0
6124,0
6125,0
6126,0
6127,0
6128,0
6129,67.02
6130,225.24
6131,422.16
6132,598.39
6133,718.98
6134,784.03
6135,767.87
6136,683.36
6137,428.99
6138,273.99
6139,108.68
6140,10.6
6141,0
6142,0
6143,0
6144,0
6145,0
6146,0
6147,0
6148,0
6149,0
6150,0
6151,0
6152,0
6153,61.1
6154,178.89
6155,339.58
6156,556.9
6157,699.49
6158,779.01
6159,793.33
6160,722.84
6161,582.68
6162,391.78
6163,182.74
6164,12.1
6165,0
6166,0
6167,0
6168,0
6169,0
6170,0
6171,0
6172,0
6173,0
6174,0
6175,0
6176,0
6177,76.31
6178,270.93
6179,450.71
6180,603.59
6181,738.62
6182,789.97
6183,754.89
6184,706.38
6185,567.11
6186,392.2
6187,183.4
6188,12.4
6189,0
6190,0
6191,0
6192,0
6193,0
6194,0
6195,0
6196,0
6197,0
6198,0
6199,0
6200,0
6201,87.46
6202,286.77
6203,490.28
6204,659.53
6205,775.79
6206,827.6
6207,813.43
6208,731.71
6209,589.82
6210,401.01
6211,189.56
6212,13.15
6213,0
6214,0
6215,0
6216,0
6217,0
6218,0
6219,0
6220,0
6221,0
6222,0
6223,0
6224,0
6225,79.84
6226,236.88
6227,402.6
6228,605.8
6229,742.32
6230,814.01
6231,796.59
6232,592.46
6233,489.67
6234,348.38
6235,153.68
6236,15.2
6237,0
6238,0
6239,0
6240,0
6241,0
6242,0
6243,0
6244,0
6245,0
6246,0
6247,0
6248,0
6249,15.84
6250,140.12
6251,207.13
6252,206.63
6253,337.84
6254,385.67
6255,542.71
6256,275.58
6257,202.48
6258,143.15
6259,71.44
6260,7.9
6261,0
6262,0
6263,0
6264,0
6265,0
6266,0
6267,0
6268,0
6269,0
6270,0
6271,0
6272,0
6273,92.52
6274,283.16
6275,475.2
6276,647.74
6277,766.56
6278,815.81
6279,775.2
6280,667.32
6281,371.6
6282,133.78
6283,65.05
6284,7.95
6285,0
6286,0
6287,0
6288,0
6289,0
6290,0
6291,0
6292,0
6293,0
6294,0
6295,0
6296,0
6297,17.25
6298,80.69
6299,297.23
6300,479.51
6301,596.77
6302,723.87
6303,532.72
6304,622.17
6305,501.33
6306,353.43
6307,160.59
6308,11.4
6309,0
6310,0
6311,0
6312,0
6313,0
6314,0
6315,0
6316,0
6317,0
6318,0
6319,0
6320,0
6321,107.39
6322,313
6323,516.04
6324,683.5
6325,794.49
6326,839.52
6327,817.53
6328,733.86
6329,581.24
6330,311.84
6331,126.05
6332,12.75
6333,0
6334,0
6335,0
6336,0
6337,0
6338,0
6339,0
6340,0
6341,0
6342,0
6343,0
6344,0
6345,117.88
6346,331.37
6347,532.38
6348,694.36
6349,814.16
6350,801.64
6351,476.43
6352,409.43
6353,331.99
6354,286.33
6355,162.47
6356,12.45
6357,0
6358,0
6359,0
6360,0
6361,0
6362,0
6363,0
6364,0
6365,0
6366,0
6367,0
6368,0
6369,93.57
6370,298.5
6371,455.12
6372,519.34
6373,525.64
6374,540.41
6375,431.82
6376,392.5
6377,347.53
6378,228.19
6379,97.42
6380,16.33
6381,0
6382,0
6383,0
6384,0
6385,0
6386,0
6387,0
6388,0
6389,0
6390,0
6391,0
6392,0
6393,120.66
6394,306.65
6395,507.69
6396,647.44
6397,556.17
6398,527.32
6399,625.07
6400,452.13
6401,362.9
6402,326.01
6403,97.22
6404,19.38
6405,0
6406,0
6407,0
6408,0
6409,0
6410,0
6411,0
6412,0
6413,0
6414,0
6415,0
6416,0
6417,120.44
6418,284.63
6419,385
6420,374.08
6421,453.69
6422,515.77
6423,412.54
6424,251.05
6425,113.56
6426,111
6427,96.08
6428,22.78
6429,0
6430,0
6431,0
6432,0
6433,0
6434,0
6435,0
6436,0
6437,0
6438,0
6439,0
6440,0
6441,106.04
6442,281.53
6443,504.56
6444,629.2
6445,742.24
6446,792
6447,789.6
6448,659.01
6449,552.96
6450,328.66
6451,204.46
6452,30.43
6453,0
6454,0
6455,0
6456,0
6457,0
6458,0
6459,0
6460,0
6461,0
6462,0
6463,0
6464,0
6465,97.82
6466,207.43
6467,388.66
6468,490.35
6469,441.28
6470,541.19
6471,509.12
6472,461.99
6473,454.45
6474,297.09
6475,153.78
6476,23.49
6477,0
6478,0
6479,0
6480,0
6481,0
6482,0
6483,0
6484,0
6485,0
6486,0
6487,0
6488,0
6489,141.98
6490,356.81
6491,560.94
6492,732.16
6493,842.23
6494,895.25
6495,878.63
6496,788.63
6497,628.36
6498,430.48
6499,213.81
6500,36.05
6501,0
6502,0
6503,0
6504,0
6505,0
6506,0
6507,0
6508,0
6509,0
6510,0
6511,0
6512,0
6513,123.86
6514,287.21
6515,490.57
6516,686.43
6517,821.92
6518,867.77
6519,839.78
6520,771.37
6521,615.61
6522,429.38
6523,218.05
6524,39.16
6525,0
6526,0
6527,0
6528,0
6529,0
6530,0
6531,0
6532,0
6533,0
6534,0
6535,0
6536,0
6537,62.59
6538,127.94
6539,165.44
6540,127.74
6541,133.54
6542,90.65
6543,95.6
6544,99.5
6545,80.8
6546,81.1
6547,35.95
6548,5
6549,0
6550,0
6551,0
6552,0
6553,0
6554,0
6555,0
6556,0
6557,0
6558,0
6559,0
6560,0
6561,118.67
6562,264.56
6563,513.93
6564,682.3
6565,778.13
6566,843.14
6567,811.91
6568,433.85
6569,368.77
6570,237.22
6571,151.17
6572,32.47
6573,0
6574,0
6575,0
6576,0
6577,0
6578,0
6579,0
6580,0
6581,0
6582,0
6583,0
6584,0
6585,103.05
6586,238.17
6587,385.96
6588,646.95
6589,846.93
6590,895.07
6591,869.55
6592,780.03
6593,632.68
6594,444.86
6595,228.84
6596,43.19
6597,0
6598,0
6599,0
6600,0
6601,0
6602,0
6603,0
6604,0
6605,0
6606,0
6607,0
6608,0
6609,165.27
6610,383.32
6611,588.89
6612,755.13
6613,866.28
6614,912.56
6615,889.42
6616,798.17
6617,647.22
6618,452.87
6619,232.55
6620,44.3
6621,0
6622,0
6623,0
6624,0
6625,0
6626,0
6627,0
6628,0
6629,0
6630,0
6631,0
6632,9
6633,57.4
6634,81.1
6635,119.67
6636,533.99
6637,759.08
6638,780.76
6639,743.53
6640,670.21
6641,459.59
6642,178.83
6643,134.73
6644,27.26
6645,0
6646,0
6647,0
6648,0
6649,0
6650,0
6651,0
6652,0
6653,0
6654,0
6655,0
6656,8.4
6657,114.36
6658,313.09
6659,420.6
6660,407.15
6661,533.15
6662,399.65
6663,303.74
6664,235.38
6665,175.88
6666,58
6667,25.5
6668,3
6669,0
6670,0
6671,0
6672,0
6673,0
6674,0
6675,0
6676,0
6677,0
6678,0
6679,0
6680,9.35
6681,148.99
6682,323.57
6683,426.66
6684,373.83
6685,542.8
6686,476.65
6687,565.75
6688,462.1
6689,428.14
6690,371.73
6691,185.11
6692,42.51
6693,0
6694,0
6695,0
6696,0
6697,0
6698,0
6699,0
6700,0
6701,0
6702,0
6703,0
6704,10.2
6705,145.62
6706,359.62
6707,550.88
6708,717.84
6709,837.84
6710,805.92
6711,621.63
6712,482.55
6713,336.02
6714,211.94
6715,139.39
6716,25.87
6717,0
6718,0
6719,0
6720,0
6721,0
6722,0
6723,0
6724,0
6725,0
6726,0
6727,0
6728,6.35
6729,50.8
6730,74.84
6731,118.58
6732,111.69
6733,269.57
6734,159.84
6735,150.1
6736,186.23
6737,213.34
6738,93.49
6739,42.2
6740,9.76
6741,0
6742,0
6743,0
6744,0
6745,0
6746,0
6747,0
6748,0
6749,0
6750,0
6751,0
6752,12.25
6753,172.86
6754,380.48
6755,607.14
6756,642.57
6757,748.51
6758,623.61
6759,591.94
6760,557.41
6761,478.95
6762,251.15
6763,194.8
6764,50.15
6765,0
6766,0
6767,0
6768,0
6769,0
6770,0
6771,0
6772,0
6773,0
6774,0
6775,0
6776,13.95
6777,195.85
6778,416.59
6779,629.71
6780,796.5
6781,905.11
6782,944.67
6783,920.77
6784,825.92
6785,672.07
6786,474.77
6787,252.87
6788,56.18
6789,0
6790,0
6791,0
6792,0
6793,0
6794,0
6795,0
6796,0
6797,0
6798,0
6799,0
6800,13.85
6801,197.71
6802,382.77
6803,622.24
6804,788.19
6805,895.01
6806,935.36
6807,896.71
6808,786.9
6809,624.92
6810,467.36
6811,248.99
6812,56.74
6813,0
6814,0
6815,0
6816,0
6817,0
6818,0
6819,0
6820,0
6821,0
6822,0
6823,0
6824,14.9
6825,203.97
6826,421.41
6827,616.07
6828,784.09
6829,887.83
6830,925.96
6831,896.9
6832,803.7
6833,665.34
6834,458.47
6835,252.2
6836,58.45
6837,0
6838,0
6839,0
6840,0
6841,0
6842,0
6843,0
6844,0
6845,0
6846,0
6847,0
6848,16.15
6849,112.85
6850,239.24
6851,384.21
6852,556.91
6853,664.19
6854,794.81
6855,839.86
6856,617.15
6857,505.27
6858,425.02
6859,227.9
6860,52.41
6861,0
6862,0
6863,0
6864,0
6865,0
6866,0
6867,0
6868,0
6869,0
6870,0
6871,0
6872,32.63
6873,183.81
6874,416.09
6875,616.17
6876,797.21
6877,903.3
6878,943.78
6879,876.27
6880,766.94
6881,589.59
6882,456.06
6883,239.9
6884,59.61
6885,0
6886,0
6887,0
6888,0
6889,0
6890,0
6891,0
6892,0
6893,0
6894,0
6895,0
6896,36.25
6897,216.26
6898,436.9
6899,637.92
6900,801.59
6901,901.22
6902,881.27
6903,876.06
6904,777.91
6905,636.03
6906,480.48
6907,235.42
6908,64.18
6909,0
6910,0
6911,0
6912,0
6913,0
6914,0
6915,0
6916,0
6917,0
6918,0
6919,0
6920,35.05
6921,194.68
6922,372.5
6923,448.21
6924,659.06
6925,658.73
6926,417.97
6927,415.47
6928,548.55
6929,470.81
6930,249.49
6931,121.55
6932,37.62
6933,0
6934,0
6935,0
6936,0
6937,0
6938,0
6939,0
6940,0
6941,0
6942,0
6943,0
6944,20.64
6945,67.6
6946,237.54
6947,175.18
6948,357.65
6949,316.77
6950,256.11
6951,295.56
6952,333.2
6953,356.65
6954,204.8
6955,147.23
6956,53.73
6957,0
6958,0
6959,0
6960,0
6961,0
6962,0
6963,0
6964,0
6965,0
6966,0
6967,0
6968,15.96
6969,99.35
6970,175.82
6971,224.37
6972,302.39
6973,490.81
6974,604.96
6975,737.37
6976,743.62
6977,689.78
6978,423.03
6979,250.11
6980,70.12
6981,0
6982,0
6983,0
6984,0
6985,0
6986,0
6987,0
6988,0
6989,0
6990,0
6991,0
6992,33.4
6993,156.8
6994,278.9
6995,553.77
6996,768.48
6997,936.31
6998,980.79
6999,953
7000,857.54
7001,701.62
7002,507.24
7003,281.72
7004,74.29
7005,0
7006,0
7007,0
7008,0
7009,0
7010,0
7011,0
7012,0
7013,0
7014,0
7015,0
7016,49.95
7017,243.33
7018,468.68
7019,674.44
7020,838.6
7021,945.18
7022,985.38
7023,949.03
7024,859.91
7025,691.29
7026,502.79
7027,279.23
7028,75.54
7029,0
7030,0
7031,0
7032,0
7033,0
7034,0
7035,0
7036,0
7037,0
7038,0
7039,0
7040,42.46
7041,223.03
7042,435.92
7043,560.16
7044,718.52
7045,828
7046,870.49
7047,831.53
7048,604.52
7049,475.22
7050,476.61
7051,229.3
7052,57.06
7053,0
7054,0
7055,0
7056,0
7057,0
7058,0
7059,0
7060,0
7061,0
7062,0
7063,0
7064,52.35
7065,243.5
7066,465.92
7067,664.76
7068,800.8
7069,909.51
7070,967.48
7071,934.93
7072,837.48
7073,687.39
7074,471.31
7075,256.71
7076,73.1
7077,0
7078,0
7079,0
7080,0
7081,0
7082,0
7083,0
7084,0
7085,0
7086,0
7087,0
7088,55.21
7089,245.41
7090,438
7091,547.58
7092,648.55
7093,568.43
7094,522
7095,473.04
7096,149.18
7097,281.42
7098,318.12
7099,148.16
7100,46.03
7101,0
7102,0
7103,0
7104,0
7105,0
7106,0
7107,0
7108,0
7109,0
7110,0
7111,0
7112,37.27
7113,173.94
7114,383.74
7115,606.22
7116,731.54
7117,799.54
7118,607.94
7119,340.42
7120,378.14
7121,228.07
7122,115.7
7123,111.85
7124,24.8
7125,0
7126,0
7127,0
7128,0
7129,0
7130,0
7131,0
7132,0
7133,0
7134,0
7135,0
7136,24.7
7137,109.35
7138,232.87
7139,372.26
7140,469.14
7141,525.32
7142,621.55
7143,654.19
7144,613.95
7145,464.59
7146,369.53
7147,217.58
7148,64.82
7149,0
7150,0
7151,0
7152,0
7153,0
7154,0
7155,0
7156,0
7157,0
7158,0
7159,0
7160,47.4
7161,179.91
7162,394.73
7163,515.05
7164,617.98
7165,627.51
7166,590.81
7167,661.22
7168,573.2
7169,386.02
7170,383.49
7171,183.52
7172,52.35
7173,0
7174,0
7175,0
7176,0
7177,0
7178,0
7179,0
7180,0
7181,0
7182,0
7183,0
7184,54.04
7185,219.53
7186,410.94
7187,566.29
7188,619.8
7189,517.02
7190,578.16
7191,520.74
7192,431.56
7193,351.61
7194,302.99
7195,152.02
7196,56.55
7197,0
7198,0
7199,0
7200,0
7201,0
7202,0
7203,0
7204,0
7205,0
7206,0
7207,0
7208,54.43
7209,187.37
7210,301.83
7211,511.13
7212,613.08
7213,667.71
7214,775.67
7215,859.88
7216,834.2
7217,651.08
7218,429
7219,266.95
7220,78.12
7221,0
7222,0
7223,0
7224,0
7225,0
7226,0
7227,0
7228,0
7229,0
7230,0
7231,0
7232,72.49
7233,274.85
7234,499.63
7235,704.37
7236,866.75
7237,972.58
7238,1014.03
7239,984.26
7240,891.69
7241,737.92
7242,538.94
7243,312.23
7244,97.61
7245,0
7246,0
7247,0
7248,0
7249,0
7250,0
7251,0
7252,0
7253,0
7254,0
7255,0
7256,54.12
7257,108.33
7258,302.46
7259,599.62
7260,693.57
7261,767.9
7262,771.16
7263,792.53
7264,799.65
7265,657.16
7266,431.49
7267,278.07
7268,69.78
7269,0
7270,0
7271,0
7272,0
7273,0
7274,0
7275,0
7276,0
7277,0
7278,0
7279,0
7280,48.55
7281,236.74
7282,409.47
7283,559.66
7284,633.96
7285,799.31
7286,701.11
7287,602.96
7288,602.13
7289,583.63
7290,392.66
7291,240.46
7292,64.93
7293,0
7294,0
7295,0
7296,0
7297,0
7298,0
7299,0
7300,0
7301,0
7302,0
7303,0
7304,52.62
7305,170.63
7306,291.98
7307,457.24
7308,611.99
7309,711.61
7310,722.98
7311,662.34
7312,554.41
7313,383.56
7314,324.87
7315,152.22
7316,48.99
7317,0
7318,0
7319,0
7320,0
7321,0
7322,0
7323,0
7324,0
7325,0
7326,0
7327,0
7328,82.63
7329,287.41
7330,513.85
7331,716.7
7332,876.48
7333,979.93
7334,1018.18
7335,988.3
7336,891.65
7337,738.52
7338,541.52
7339,317.74
7340,104.69
7341,0
7342,0
7343,0
7344,0
7345,0
7346,0
7347,0
7348,0
7349,0
7350,0
7351,0
7352,85.9
7353,292.88
7354,517.97
7355,720.42
7356,872.64
7357,983.55
7358,1011.4
7359,984.46
7360,892.78
7361,722.45
7362,481.81
7363,296.21
7364,106.24
7365,0
7366,0
7367,0
7368,0
7369,0
7370,0
7371,0
7372,0
7373,0
7374,0
7375,0
7376,89.47
7377,298.75
7378,522.88
7379,720.28
7380,876.73
7381,978.13
7382,1012.68
7383,957.11
7384,855.24
7385,667.95
7386,426.28
7387,226.79
7388,40.13
7389,0
7390,0
7391,0
7392,0
7393,0
7394,0
7395,0
7396,0
7397,0
7398,0
7399,0
7400,37.09
7401,134.68
7402,237.28
7403,462.46
7404,497.66
7405,624.3
7406,515.74
7407,706.18
7408,500.72
7409,250.45
7410,228.08
7411,139.04
7412,32.75
7413,0
7414,0
7415,0
7416,0
7417,0
7418,0
7419,0
7420,0
7421,0
7422,0
7423,0
7424,68.02
7425,259.21
7426,459.11
7427,677.42
7428,861.38
7429,977.89
7430,1018.71
7431,995.33
7432,902.4
7433,757.39
7434,557.78
7435,333.15
7436,117.15
7437,0
7438,0
7439,0
7440,0
7441,0
7442,0
7443,0
7444,0
7445,0
7446,0
7447,0
7448,89.14
7449,301.88
7450,513.35
7451,705.04
7452,844.01
7453,939.97
7454,1015.9
7455,908.03
7456,875.07
7457,726.01
7458,563.5
7459,338.27
7460,120.32
7461,0
7462,0
7463,0
7464,0
7465,0
7466,0
7467,0
7468,0
7469,0
7470,0
7471,0
7472,96.3
7473,301.3
7474,519.56
7475,712.95
7476,896.65
7477,1004.69
7478,1041.54
7479,1011.02
7480,913.76
7481,759.13
7482,563.67
7483,339.03
7484,122.17
7485,0
7486,0
7487,0
7488,0
7489,0
7490,0
7491,0
7492,0
7493,0
7494,0
7495,0
7496,102.64
7497,318.13
7498,545.72
7499,748.67
7500,910.86
7501,1019.19
7502,1059.64
7503,1031.81
7504,931.37
7505,759.18
7506,564.64
7507,310.56
7508,96.21
7509,0
7510,0
7511,0
7512,0
7513,0
7514,0
7515,0
7516,0
7517,0
7518,0
7519,0
7520,66.97
7521,249.71
7522,468.9
7523,684.19
7524,749.73
7525,876.86
7526,882.49
7527,862.39
7528,839.08
7529,748.43
7530,535.86
7531,335.25
7532,125.19
7533,0
7534,0
7535,0
7536,0
7537,0
7538,0
7539,0
7540,0
7541,0
7542,0
7543,0
7544,100.33
7545,299.63
7546,519.06
7547,717.13
7548,834.83
7549,908.54
7550,842.28
7551,774.58
7552,786.48
7553,710.79
7554,393.35
7555,295.84
7556,100.67
7557,0
7558,0
7559,0
7560,0
7561,0
7562,0
7563,0
7564,0
7565,0
7566,0
7567,0
7568,99.82
7569,297.89
7570,539.32
7571,747.73
7572,912.87
7573,1017.76
7574,1057.56
7575,1027.18
7576,910.61
7577,710.53
7578,504.9
7579,323.34
7580,120.86
7581,0
7582,0
7583,0
7584,0
7585,0
7586,0
7587,0
7588,0
7589,0
7590,0
7591,0
7592,78.49
7593,190.42
7594,276.75
7595,397.04
7596,455.77
7597,414.74
7598,647.37
7599,702.02
7600,426.77
7601,354.25
7602,222.7
7603,116.61
7604,74.52
7605,0
7606,0
7607,0
7608,0
7609,0
7610,0
7611,0
7612,0
7613,0
7614,0
7615,0
7616,86.26
7617,187.43
7618,309.05
7619,401.43
7620,528.62
7621,671.22
7622,797.93
7623,820.09
7624,842.68
7625,771.47
7626,570.46
7627,349.66
7628,134.52
7629,0
7630,0
7631,0
7632,0
7633,0
7634,0
7635,0
7636,0
7637,0
7638,0
7639,0
7640,108.68
7641,317.85
7642,538.82
7643,737.64
7644,894.79
7645,996.7
7646,1035
7647,1006.82
7648,914.25
7649,765.35
7650,574.27
7651,354.47
7652,138.95
7653,0
7654,0
7655,0
7656,0
7657,0
7658,0
7659,0
7660,0
7661,0
7662,0
7663,0
7664,97.42
7665,288.11
7666,475.38
7667,670.88
7668,789.07
7669,851.36
7670,943.33
7671,943.62
7672,911.42
7673,739.04
7674,565.44
7675,341.04
7676,140.05
7677,0
7678,0
7679,0
7680,0
7681,0
7682,0
7683,0
7684,0
7685,0
7686,0
7687,0
7688,106.49
7689,281.46
7690,475.34
7691,682.16
7692,783.12
7693,1013.76
7694,1067.51
7695,1037.13
7696,942.86
7697,789.77
7698,591.95
7699,365.55
7700,145.57
7701,0
7702,0
7703,0
7704,0
7705,0
7706,0
7707,0
7708,0
7709,0
7710,0
7711,0
7712,115.87
7713,326.89
7714,557.42
7715,762.74
7716,927.32
7717,1034.62
7718,1076.47
7719,1048.69
7720,953.52
7721,799.43
7722,604.01
7723,377.52
7724,153.76
7725,0
7726,0
7727,0
7728,0
7729,0
7730,0
7731,0
7732,0
7733,0
7734,0
7735,0
7736,105.28
7737,300.16
7738,530.97
7739,739.15
7740,913.4
7741,1029.98
7742,1056.89
7743,1004.72
7744,884.84
7745,710.93
7746,577.17
7747,320.19
7748,115.39
7749,0
7750,0
7751,0
7752,0
7753,0
7754,0
7755,0
7756,0
7757,0
7758,0
7759,0
7760,67.14
7761,213.7
7762,427.34
7763,666.73
7764,808.26
7765,951.32
7766,1013.01
7767,997.4
7768,908.44
7769,764.29
7770,572.73
7771,363.12
7772,148.48
7773,0
7774,0
7775,0
7776,0
7777,0
7778,0
7779,0
7780,0
7781,0
7782,0
7783,0
7784,101.31
7785,282.42
7786,512.3
7787,740.55
7788,868.25
7789,983.89
7790,1023.6
7791,999.3
7792,924.05
7793,780.38
7794,584
7795,366.98
7796,152.79
7797,0
7798,0
7799,0
7800,0
7801,0
7802,0
7803,0
7804,0
7805,0
7806,0
7807,0
7808,40.13
7809,97.1
7810,219.31
7811,433.89
7812,638.98
7813,607.85
7814,693.01
7815,654.23
7816,643.08
7817,571.43
7818,487.59
7819,357.92
7820,136.42
7821,8.3
7822,0
7823,0
7824,0
7825,0
7826,0
7827,0
7828,0
7829,0
7830,0
7831,0
7832,97.13
7833,280.52
7834,500.67
7835,664.69
7836,819.06
7837,921.63
7838,865.62
7839,832.32
7840,619.27
7841,510.25
7842,390.38
7843,277.93
7844,128.56
7845,8.95
7846,0
7847,0
7848,0
7849,0
7850,0
7851,0
7852,0
7853,0
7854,0
7855,0
7856,44.69
7857,119.76
7858,259.36
7859,400
7860,376.81
7861,571.15
7862,551.85
7863,610.2
7864,834.93
7865,765.85
7866,599.43
7867,381.06
7868,162.47
7869,9.6
7870,0
7871,0
7872,0
7873,0
7874,0
7875,0
7876,0
7877,0
7878,0
7879,0
7880,94.07
7881,278.59
7882,517.65
7883,743.81
7884,900.08
7885,995.61
7886,1034.62
7887,1010.17
7888,924.16
7889,780.83
7890,593.49
7891,377.66
7892,163.23
7893,10.25
7894,0
7895,0
7896,0
7897,0
7898,0
7899,0
7900,0
7901,0
7902,0
7903,0
7904,121.53
7905,330.34
7906,549.98
7907,748.87
7908,907.43
7909,1011.53
7910,1053.03
7911,1028.49
7912,939.3
7913,792.49
7914,605.55
7915,387.08
7916,169.41
7917,10.45
7918,0
7919,0
7920,0
7921,0
7922,0
7923,0
7924,0
7925,0
7926,0
7927,0
7928,124.16
7929,326.92
7930,513.41
7931,666.71
7932,866.03
7933,984.83
7934,999.89
7935,1031.6
7936,940.31
7937,794.6
7938,601.76
7939,383.68
7940,171.57
7941,10.8
7942,0
7943,0
7944,0
7945,0
7946,0
7947,0
7948,0
7949,0
7950,0
7951,0
7952,122.95
7953,332.77
7954,553.51
7955,753.2
7956,911.6
7957,1016
7958,1058.35
7959,1034.46
7960,945.57
7961,799.36
7962,613.72
7963,394.65
7964,175.33
7965,11.55
7966,0
7967,0
7968,0
7969,0
7970,0
7971,0
7972,0
7973,0
7974,0
7975,0
7976,125.27
7977,333.27
7978,547.32
7979,745.57
7980,886.51
7981,909.13
7982,968.56
7983,943.72
7984,690.02
7985,389.91
7986,269.02
7987,302.64
7988,71.28
7989,6.8
7990,0
7991,0
7992,0
7993,0
7994,0
7995,0
7996,0
7997,0
7998,0
7999,0
8000,68.56
8001,186.37
8002,322.19
8003,592.86
8004,752.7
8005,907.95
8006,1039.76
8007,1041.26
8008,958.05
8009,812.88
8010,622.63
8011,403.57
8012,183
8013,12.55
8014,0
8015,0
8016,0
8017,0
8018,0
8019,0
8020,0
8021,0
8022,0
8023,0
8024,127.75
8025,341.16
8026,564.31
8027,765.84
8028,926.29
8029,1031.63
8030,1072.53
8031,1046.84
8032,944.26
8033,792.25
8034,559.06
8035,367.7
8036,173.45
8037,14.35
8038,0
8039,0
8040,0
8041,0
8042,0
8043,0
8044,0
8045,0
8046,0
8047,0
8048,30.16
8049,130.67
8050,245.37
8051,440.47
8052,614.27
8053,943.76
8054,966
8055,1026.91
8056,956.48
8057,824.64
8058,628.35
8059,408.28
8060,188.02
8061,13.7
8062,0
8063,0
8064,0
8065,0
8066,0
8067,0
8068,0
8069,0
8070,0
8071,0
8072,67.41
8073,181.31
8074,337.02
8075,633.28
8076,807.37
8077,948.13
8078,1075.08
8079,1061
8080,973.56
8081,827.2
8082,636.16
8083,415.85
8084,193.39
8085,14.3
8086,0
8087,0
8088,0
8089,0
8090,0
8091,0
8092,0
8093,0
8094,0
8095,0
8096,127.75
8097,341.18
8098,567.64
8099,770.03
8100,931.97
8101,1039.16
8102,1082.16
8103,1059.31
8104,971.82
8105,825.55
8106,642.06
8107,420.46
8108,196.35
8109,14.55
8110,0
8111,0
8112,0
8113,0
8114,0
8115,0
8116,0
8117,0
8118,0
8119,0
8120,129.43
8121,344.26
8122,569.2
8123,772.59
8124,934.88
8125,1042.82
8126,1088.16
8127,1067.12
8128,981.27
8129,836.56
8130,635.51
8131,398.57
8132,197.93
8133,30.24
8134,0
8135,0
8136,0
8137,0
8138,0
8139,0
8140,0
8141,0
8142,0
8143,0
8144,12.1
8145,23.5
8146,47.75
8147,125.35
8148,119.55
8149,278.23
8150,492.6
8151,1003.11
8152,923.53
8153,831.82
8154,522.12
8155,378.78
8156,150.88
8157,28.19
8158,0
8159,0
8160,0
8161,0
8162,0
8163,0
8164,0
8165,0
8166,0
8167,0
8168,100.87
8169,217.85
8170,436.48
8171,496.37
8172,511.6
8173,587.37
8174,595.82
8175,665.4
8176,545.39
8177,502.84
8178,348.54
8179,229.57
8180,107.55
8181,16.49
8182,0
8183,0
8184,0
8185,0
8186,0
8187,0
8188,0
8189,0
8190,0
8191,0
8192,106.93
8193,305.58
8194,472.99
8195,590
8196,607.43
8197,686.9
8198,666.31
8199,748.95
8200,595.15
8201,731.4
8202,623.81
8203,286.17
8204,174.05
8205,24.65
8206,0
8207,0
8208,0
8209,0
8210,0
8211,0
8212,0
8213,0
8214,0
8215,0
8216,67.5
8217,179.29
8218,352.32
8219,516.68
8220,714.73
8221,1002.53
8222,1068.42
8223,1050.22
8224,966.36
8225,825.39
8226,640.73
8227,425.31
8228,205.11
8229,34.44
8230,0
8231,0
8232,0
8233,0
8234,0
8235,0
8236,0
8237,0
8238,0
8239,0
8240,125.84
8241,336.64
8242,557.7
8243,751.49
8244,881.85
8245,969.42
8246,989.83
8247,940.42
8248,910.77
8249,811.5
8250,645.49
8251,429.37
8252,208.57
8253,35.95
8254,0
8255,0
8256,0
8257,0
8258,0
8259,0
8260,0
8261,0
8262,0
8263,0
8264,91.93
8265,264.59
8266,460.89
8267,703.51
8268,906.77
8269,1006.74
8270,1039.03
8271,1011.79
8272,939.14
8273,752.74
8274,580.78
8275,409.79
8276,180.67
8277,31.42
8278,0
8279,0
8280,0
8281,0
8282,0
8283,0
8284,0
8285,0
8286,0
8287,0
8288,87.74
8289,262.44
8290,487.83
8291,668.93
8292,805.97
8293,904.49
8294,990.59
8295,989.33
8296,887.5
8297,626.18
8298,430.35
8299,284.51
8300,135.99
8301,26.92
8302,0
8303,0
8304,0
8305,0
8306,0
8307,0
8308,0
8309,0
8310,0
8311,0
8312,54.81
8313,163.79
8314,241.46
8315,352.1
8316,566.42
8317,690.04
8318,700.57
8319,543.09
8320,392.53
8321,355.34
8322,242.91
8323,117.3
8324,56.05
8325,7.1
8326,0
8327,0
8328,0
8329,0
8330,0
8331,0
8332,0
8333,0
8334,0
8335,0
8336,27.6
8337,49.05
8338,116.7
8339,148.1
8340,231.09
8341,318.77
8342,439.95
8343,532.99
8344,216.79
8345,151.65
8346,241.88
8347,258.57
8348,113.81
8349,18.56
8350,0
8351,0
8352,0
8353,0
8354,0
8355,0
8356,0
8357,0
8358,0
8359,0
8360,65.96
8361,253.36
8362,427.52
8363,645.59
8364,835.33
8365,979.22
8366,980.56
8367,931.94
8368,799.65
8369,521.03
8370,571.31
8371,369.32
8372,118.27
8373,16.01
8374,0
8375,0
8376,0
8377,0
8378,0
8379,0
8380,0
8381,0
8382,0
8383,0
8384,77.79
8385,225
8386,419.2
8387,651.39
8388,864.91
8389,979.76
8390,1039.08
8391,1019.38
8392,938.31
8393,796.87
8394,480.06
8395,323.97
8396,177.73
8397,30.68
8398,0
8399,0
8400,0
8401,0
8402,0
8403,0
8404,0
8405,0
8406,0
8407,0
8408,73.37
8409,226.08
8410,396.03
8411,569.55
8412,806.47
8413,910.85
8414,970.84
8415,987.48
8416,892.27
8417,741.69
8418,637.64
8419,427.91
8420,212.24
8421,40.72
8422,0
8423,0
8424,0
8425,0
8426,0
8427,0
8428,0
8429,0
8430,0
8431,0
8432,37.25
8433,111.47
8434,258.95
8435,404
8436,539.06
8437,675.39
8438,907.31
8439,1046.73
8440,975.59
8441,840.9
8442,661.45
8443,442.02
8444,222.72
8445,44.88
8446,0
8447,0
8448,0
8449,0
8450,0
8451,0
8452,0
8453,0
8454,0
8455,0
8456,51.56
8457,167.07
8458,338.43
8459,558.3
8460,827.36
8461,1020.92
8462,1082.84
8463,1078.55
8464,1000.13
8465,860.45
8466,676.75
8467,458.89
8468,233.67
8469,48.54
8470,0
8471,0
8472,0
8473,0
8474,0
8475,0
8476,0
8477,0
8478,0
8479,0
8480,92.82
8481,246.78
8482,473.11
8483,674.91
8484,883.85
8485,983.71
8486,1080.43
8487,1050.35
8488,984.69
8489,844.01
8490,673.74
8491,436.43
8492,185.3
8493,31.55
8494,0
8495,0
8496,0
8497,0
8498,0
8499,0
8500,0
8501,0
8502,0
8503,0
8504,115.14
8505,326.2
8506,542.62
8507,746.47
8508,888.52
8509,1022.35
8510,1070.18
8511,1030.28
8512,960.87
8513,703.22
8514,480.57
8515,174.3
8516,52.3
8517,5.8
8518,0
8519,0
8520,0
8521,0
8522,0
8523,0
8524,0
8525,0
8526,0
8527,0
8528,15.95
8529,57.9
8530,200.22
8531,262.45
8532,586.43
8533,949.08
8534,943.46
8535,863.38
8536,813.89
8537,744.94
8538,648.72
8539,458.88
8540,239.62
8541,51.89
8542,0
8543,0
8544,0
8545,0
8546,0
8547,0
8548,0
8549,0
8550,0
8551,0
8552,77.65
8553,245.3
8554,372.22
8555,550.77
8556,669.98
8557,855.98
8558,969.9
8559,1012.01
8560,955.92
8561,841.25
8562,662.03
8563,462.33
8564,238.65
8565,48.78
8566,0
8567,0
8568,0
8569,0
8570,0
8571,0
8572,0
8573,0
8574,0
8575,0
8576,107.69
8577,307.03
8578,502.57
8579,713.23
8580,864.75
8581,997.25
8582,1039.54
8583,1050.73
8584,967.86
8585,845.25
8586,675.38
8587,460.22
8588,237.09
8589,52.32
8590,0
8591,0
8592,0
8593,0
8594,0
8595,0
8596,0
8597,0
8598,0
8599,0
8600,107.71
8601,312.83
8602,534.63
8603,739.33
8604,906.27
8605,1021.2
8606,1074.77
8607,1063.25
8608,987.48
8609,853.44
8610,673.43
8611,459.86
8612,238.19
8613,53.37
8614,0
8615,0
8616,0
8617,0
8618,0
8619,0
8620,0
8621,0
8622,0
8623,0
8624,106.72
8625,312.59
8626,535.38
8627,740.74
8628,908.52
8629,1024.45
8630,1079.07
8631,1068.34
8632,992.67
8633,857.63
8634,673.62
8635,459.41
8636,238.39
8637,53.87
8638,0
8639,0
8640,0
8641,0
8642,0
8643,0
8644,0
8645,0
8646,0
8647,0
8648,105.67
8649,310.79
8650,532.09
8651,736.44
8652,903.72
8653,1019.65
8654,1074.12
8655,1063.2
8656,987.32
8657,852.38
8658,661.51
8659,434.95
8660,219.65
8661,51.81
8662,0
8663,0
8664,0
8665,0
8666,0
8667,0
8668,0
8669,0
8670,0
8671,0
8672,71.45
8673,209.05
8674,428.18
8675,573.47
8676,566.32
8677,596.84
8678,642.01
8679,817.56
8680,843.84
8681,744.32
8682,442.87
8683,396.72
8684,223.07
8685,51.42
8686,0
8687,0
8688,0
8689,0
8690,0
8691,0
8692,0
8693,0
8694,0
8695,0
8696,74.28
8697,233.63
8698,393.33
8699,630.93
8700,777.31
8701,955.19
8702,1052.68
8703,1062.71
8704,997.06
8705,864.07
8706,675.55
8707,463.64
8708,241.87
8709,56.42
8710,0
8711,0
8712,0
8713,0
8714,0
8715,0
8716,0
8717,0
8718,0
8719,0
8720,99.54
8721,303.02
8722,522.52
8723,737.94
8724,907.87
8725,1026.29
8726,1082.11
8727,1072.53
8728,998.05
8729,864.26
8730,681.35
8731,467.44
8732,244.93
8733,57.47
8734,0
8735,0
8736,0
8737,0
8738,0
8739,0
8740,0
8741,0
8742,0
8743,0
8744,69.03
8745,230.76
8746,441.75
8747,646.48
8748,830.5
8749,969.94
8750,1025.18
8751,1010.21
8752,907.35
8753,786.82
8754,592.69
8755,413.31
8756,225.06
8757,55.41
8758,0
8759,0
8760,0
8761,0
8762,0
8763,0
8764,0
8765,0
8766,0
8767,0
8768,94.42
8769,292.75
8770,516.38
8771,723.24
8772,894.52
8773,1012.94
8774,1070.66
8775,1063.37
8776,992.64
8777,861.9
8778,680.34
8779,457.6
8780,236.54
8781,54.78
8782,0
8783,0
8784,0
